ID,Jogador,Nação,Pos,Equipe,Idade,Nascimento,Jogos,Inícios,Minutos,90s,Gols,Assist,G+A,Gnormal,PC,PB,CartaoA,CartaoV,xG,xGnormal,xG+A,xGnormal+xG+A,PrgCarregadas,PrgPasses,PrgPassesPrgRecebidos,Gols90,Assis.90,G+A90,G-PB90,G+A-PB90,xG.1,xAG.1,xG+xAG,npxG.1,npxG+xAG.1,PassesTotaisConcluidos,PassesTotaisTentados,%ConclusãoDePasses,DistTotalPasses,DistTotalProgressivos,PassesConcluidosCurto,PassesTentadosCurto,%PassesConclusaoCurto,PassesConcluidosMedio,PassesTentadosMedio,%PassesConclusaoMedio,PassesConcluidosLongo,PassesTentadosLongo,%PassesConclusaoLongo,TotalChutes,ChutesAGol,%ChutesNoGol,TotalChutes/90,TotalAcertos/90,Gols/Chutes,Gols/ChuteaGol,DistanciaChute,CobrancaFalta,BotesDefensivos,AssumiuPosse,Confrontos_1ter,Confrontos_2ter,Confrontos_3ter,Desarme,%DesarmesCertos,DesarmeErrado,ChutesBloqueados,PassesBloqueados,Cortes,Interceptacoes,Def,Erros
4,Adryelson,BRA,Defensor,Botafogo (RJ),24.0,1998.0,35.0,35.0,2996.0,33.3,1.0,1.0,2.0,1.0,0.0,0.0,6.0,1.0,1.1,1.1,0.3,1.4,2.0,56.0,3.0,0.03,0.03,0.06,0.03,0.06,0.03,0.01,0.04,0.03,0.04,1303.0,1523.0,85.6,25681.0,9401.0,416.0,468.0,88.9,728.0,819.0,88.9,148.0,211.0,70.1,12.0,5.0,41.7,0.36,0.15,0.08,0.2,9.9,0.0,34.0,20.0,23.0,10.0,1.0,17.0,65.4,9.0,30.0,13.0,61.0,95.0,202.0,2.0
14,Alex,BRA,Defensor,Santos,23.0,1999.0,6.0,5.0,455.0,5.1,0.0,0.0,0.0,0.0,0.0,0.0,1.0,0.0,0.1,0.1,0.4,0.6,3.0,7.0,0.0,0.0,0.0,0.0,0.0,0.0,0.03,0.08,0.11,0.03,0.11,221.0,244.0,90.6,4297.0,1223.0,56.0,62.0,90.3,151.0,157.0,96.2,13.0,21.0,61.9,4.0,2.0,50.0,0.79,0.4,0.0,0.0,11.4,0.0,9.0,7.0,8.0,0.0,1.0,2.0,50.0,2.0,2.0,1.0,7.0,16.0,10.0,0.0
16,Matheus Alexandre,BRA,Defensor,Cuiabá,23.0,1999.0,35.0,33.0,2980.0,33.1,1.0,0.0,1.0,1.0,0.0,0.0,5.0,0.0,0.8,0.8,1.2,1.9,41.0,109.0,97.0,0.03,0.0,0.03,0.03,0.03,0.02,0.03,0.06,0.02,0.06,1213.0,1543.0,78.6,19647.0,8073.0,585.0,649.0,90.1,530.0,674.0,78.6,77.0,137.0,56.2,8.0,2.0,25.0,0.24,0.06,0.13,0.5,18.9,0.0,86.0,58.0,56.0,25.0,5.0,55.0,53.9,47.0,5.0,32.0,42.0,128.0,74.0,1.0
27,André,BRA,Defensor,Bahia,19.0,2003.0,3.0,1.0,125.0,1.4,0.0,0.0,0.0,0.0,0.0,0.0,1.0,0.0,0.0,0.0,0.0,0.0,2.0,4.0,12.0,0.0,0.0,0.0,0.0,0.0,0.0,0.03,0.03,0.0,0.03,63.0,79.0,79.7,998.0,257.0,37.0,43.0,86.0,18.0,23.0,78.3,6.0,9.0,66.7,0.0,0.0,0.0,0.0,0.0,0.0,0.0,0.0,0.0,2.0,1.0,1.0,1.0,0.0,2.0,100.0,0.0,1.0,3.0,1.0,3.0,3.0,1.0
29,Maurício Antônio,BRA,Defensor,Coritiba,30.0,1992.0,3.0,1.0,180.0,2.0,0.0,0.0,0.0,0.0,0.0,0.0,0.0,0.0,0.0,0.0,0.0,0.1,0.0,4.0,0.0,0.0,0.0,0.0,0.0,0.0,0.02,0.01,0.03,0.02,0.03,77.0,95.0,81.1,1671.0,651.0,24.0,28.0,85.7,35.0,38.0,92.1,16.0,25.0,64.0,2.0,0.0,0.0,1.0,0.0,0.0,0.0,30.7,0.0,0.0,0.0,0.0,0.0,0.0,0.0,0.0,0.0,4.0,1.0,5.0,5.0,18.0,0.0
31,Guilherme Arana,BRA,Defensor,Atlético Mineiro,25.0,1997.0,28.0,27.0,2385.0,26.5,2.0,0.0,2.0,2.0,0.0,0.0,2.0,1.0,1.0,1.0,1.1,2.1,56.0,133.0,122.0,0.08,0.0,0.08,0.08,0.08,0.04,0.04,0.08,0.04,0.08,1361.0,1706.0,79.8,21177.0,8117.0,782.0,853.0,91.7,473.0,576.0,82.1,82.0,173.0,47.4,28.0,7.0,25.0,1.06,0.26,0.07,0.29,23.9,0.0,42.0,29.0,25.0,16.0,1.0,15.0,60.0,10.0,10.0,21.0,32.0,74.0,56.0,0.0
36,Robert Arboleda,ECU,Defensor,São Paulo,31.0,1991.0,20.0,19.0,1721.0,19.1,0.0,0.0,0.0,0.0,0.0,0.0,1.0,1.0,0.9,0.9,0.3,1.2,2.0,42.0,5.0,0.0,0.0,0.0,0.0,0.0,0.05,0.01,0.06,0.05,0.06,1105.0,1241.0,89.0,21240.0,8090.0,362.0,384.0,94.3,637.0,677.0,94.1,96.0,155.0,61.9,15.0,4.0,26.7,0.78,0.21,0.0,0.0,14.7,0.0,32.0,21.0,20.0,11.0,1.0,19.0,82.6,4.0,24.0,3.0,13.0,45.0,71.0,2.0
40,Arthur,BRA,Defensor,América (MG),19.0,2003.0,1.0,1.0,90.0,1.0,0.0,0.0,0.0,0.0,0.0,0.0,0.0,0.0,0.0,0.0,0.0,0.0,5.0,7.0,4.0,0.0,0.0,0.0,0.0,0.0,0.0,0.04,0.04,0.0,0.04,38.0,55.0,69.1,615.0,284.0,20.0,22.0,90.9,17.0,22.0,77.3,1.0,9.0,11.1,0.0,0.0,0.0,0.0,0.0,0.0,0.0,0.0,0.0,2.0,1.0,0.0,2.0,0.0,0.0,0.0,0.0,0.0,0.0,1.0,3.0,1.0,0.0
47,Danilo Avelar,BRA,Defensor,América (MG),33.0,1989.0,26.0,24.0,1984.0,22.0,3.0,1.0,4.0,2.0,1.0,1.0,5.0,1.0,4.0,3.2,0.7,3.9,11.0,81.0,42.0,0.14,0.05,0.18,0.09,0.14,0.18,0.03,0.21,0.14,0.18,613.0,890.0,68.9,11632.0,6518.0,228.0,272.0,83.8,308.0,408.0,75.5,67.0,166.0,40.4,34.0,9.0,26.5,1.54,0.41,0.06,0.22,13.5,0.0,35.0,22.0,15.0,18.0,2.0,17.0,54.8,14.0,10.0,10.0,35.0,70.0,72.0,0.0
51,Fabián Balbuena,PAR,Defensor,Corinthians,31.0,1991.0,1.0,1.0,89.0,1.0,0.0,0.0,0.0,0.0,0.0,0.0,0.0,0.0,0.0,0.0,0.0,0.0,0.0,2.0,0.0,0.0,0.0,0.0,0.0,0.0,0.03,0.0,0.03,0.03,0.03,48.0,60.0,80.0,908.0,356.0,16.0,17.0,94.1,27.0,31.0,87.1,4.0,11.0,36.4,1.0,0.0,0.0,1.01,0.0,0.0,0.0,11.2,0.0,1.0,0.0,1.0,0.0,0.0,1.0,100.0,0.0,0.0,0.0,3.0,4.0,5.0,1.0
52,Robson Bambu,BRA,Defensor,Vasco da Gama,25.0,1997.0,18.0,16.0,1280.0,14.2,0.0,0.0,0.0,0.0,0.0,0.0,6.0,0.0,0.5,0.5,0.1,0.6,5.0,33.0,13.0,0.0,0.0,0.0,0.0,0.0,0.03,0.01,0.04,0.03,0.04,567.0,696.0,81.5,10840.0,4032.0,201.0,223.0,90.1,306.0,339.0,90.3,56.0,108.0,51.9,4.0,1.0,25.0,0.28,0.07,0.0,0.0,8.8,0.0,21.0,13.0,15.0,5.0,1.0,13.0,46.4,15.0,16.0,11.0,12.0,33.0,70.0,1.0
55,Diogo Barbosa,BRA,Defensor,Fluminense,30.0,1992.0,19.0,10.0,1117.0,12.4,1.0,2.0,3.0,1.0,0.0,0.0,1.0,0.0,0.3,0.3,1.3,1.6,35.0,51.0,68.0,0.08,0.16,0.24,0.08,0.24,0.02,0.1,0.13,0.02,0.13,620.0,721.0,86.0,8293.0,2415.0,405.0,434.0,93.3,177.0,211.0,83.9,18.0,29.0,62.1,6.0,3.0,50.0,0.48,0.24,0.17,0.33,22.0,0.0,16.0,11.0,7.0,7.0,2.0,8.0,40.0,12.0,1.0,4.0,10.0,26.0,28.0,0.0
56,Diogo Barbosa,BRA,Defensor,Grêmio,30.0,1992.0,6.0,4.0,386.0,4.3,0.0,0.0,0.0,0.0,0.0,0.0,1.0,0.0,0.0,0.0,0.2,0.2,8.0,17.0,19.0,0.0,0.0,0.0,0.0,0.0,0.01,0.05,0.06,0.01,0.06,156.0,210.0,74.3,2015.0,975.0,101.0,117.0,86.3,47.0,68.0,69.1,3.0,10.0,30.0,1.0,0.0,0.0,0.23,0.0,0.0,0.0,26.6,0.0,4.0,4.0,1.0,3.0,0.0,3.0,33.3,6.0,3.0,2.0,5.0,9.0,14.0,0.0
63,Bastos,ANG,Defensor,Botafogo (RJ),31.0,1991.0,4.0,2.0,118.0,1.3,0.0,0.0,0.0,0.0,0.0,0.0,0.0,0.0,0.0,0.0,0.0,0.0,0.0,4.0,0.0,0.0,0.0,0.0,0.0,0.0,0.03,0.0,0.03,0.03,0.03,62.0,71.0,87.3,1224.0,347.0,23.0,26.0,88.5,30.0,32.0,93.8,9.0,12.0,75.0,1.0,0.0,0.0,0.76,0.0,0.0,0.0,8.9,0.0,4.0,2.0,1.0,2.0,1.0,2.0,66.7,1.0,1.0,3.0,0.0,4.0,4.0,0.0
67,José Luis Rodríguez Bebanz,URU,Defensor,Vasco da Gama,25.0,1997.0,32.0,22.0,1997.0,22.2,2.0,1.0,3.0,2.0,0.0,0.0,2.0,0.0,2.8,2.8,2.2,5.0,56.0,99.0,95.0,0.09,0.05,0.14,0.09,0.14,0.12,0.1,0.23,0.12,0.23,801.0,1199.0,66.8,14358.0,6221.0,368.0,439.0,83.8,348.0,479.0,72.7,76.0,215.0,35.3,38.0,13.0,34.2,1.71,0.59,0.05,0.15,18.7,5.0,49.0,31.0,29.0,17.0,3.0,25.0,44.6,31.0,8.0,16.0,30.0,79.0,56.0,2.0
68,Matheus Belém,BRA,Defensor,São Paulo,19.0,2003.0,2.0,2.0,169.0,1.9,0.0,0.0,0.0,0.0,0.0,0.0,1.0,0.0,0.0,0.0,0.0,0.0,1.0,5.0,0.0,0.0,0.0,0.0,0.0,0.0,0.0,0.0,0.0,0.0,0.0,73.0,89.0,82.0,1413.0,281.0,19.0,23.0,82.6,53.0,57.0,93.0,1.0,7.0,14.3,0.0,0.0,0.0,0.0,0.0,0.0,0.0,0.0,0.0,0.0,0.0,0.0,0.0,0.0,0.0,0.0,1.0,2.0,0.0,2.0,2.0,5.0,0.0
69,Lucas Belezi,BRA,Defensor,Ath Paranaense,19.0,2003.0,1.0,0.0,45.0,0.5,0.0,0.0,0.0,0.0,0.0,0.0,1.0,0.0,0.0,0.0,0.0,0.0,0.0,0.0,0.0,0.0,0.0,0.0,0.0,0.0,0.02,0.0,0.02,0.02,0.02,15.0,20.0,75.0,234.0,93.0,10.0,11.0,90.9,4.0,4.0,100.0,1.0,5.0,20.0,1.0,0.0,0.0,2.0,0.0,0.0,0.0,15.7,0.0,1.0,1.0,1.0,0.0,0.0,1.0,100.0,0.0,1.0,1.0,0.0,1.0,0.0,0.0
73,Lucas Beraldo,BRA,Defensor,São Paulo,19.0,2003.0,24.0,24.0,2160.0,24.0,1.0,0.0,1.0,1.0,0.0,0.0,7.0,0.0,1.0,1.0,0.6,1.6,16.0,129.0,3.0,0.04,0.0,0.04,0.04,0.04,0.04,0.02,0.07,0.04,0.07,1503.0,1695.0,88.7,28805.0,9828.0,504.0,537.0,93.9,826.0,886.0,93.2,157.0,239.0,65.7,14.0,6.0,42.9,0.58,0.25,0.07,0.17,15.2,0.0,28.0,21.0,19.0,8.0,1.0,18.0,66.7,9.0,23.0,13.0,24.0,52.0,89.0,2.0
76,Raul Bicalho,BRA,Defensor,Bahia,23.0,1999.0,7.0,4.0,321.0,3.6,0.0,0.0,0.0,0.0,0.0,0.0,1.0,0.0,0.3,0.3,0.0,0.3,7.0,19.0,2.0,0.0,0.0,0.0,0.0,0.0,0.09,0.0,0.09,0.09,0.09,165.0,197.0,83.8,3243.0,1279.0,53.0,60.0,88.3,89.0,100.0,89.0,19.0,32.0,59.4,4.0,0.0,0.0,1.12,0.0,0.0,0.0,10.4,0.0,6.0,1.0,5.0,1.0,0.0,4.0,80.0,1.0,3.0,0.0,1.0,7.0,12.0,0.0
77,Matheus Bidu,BRA,Defensor,Corinthians,23.0,1999.0,24.0,19.0,1659.0,18.4,0.0,0.0,0.0,0.0,0.0,0.0,2.0,0.0,0.4,0.4,1.4,1.8,58.0,88.0,100.0,0.0,0.0,0.0,0.0,0.0,0.02,0.08,0.1,0.02,0.1,897.0,1129.0,79.5,14172.0,4790.0,500.0,537.0,93.1,312.0,386.0,80.8,63.0,146.0,43.2,16.0,6.0,37.5,0.87,0.33,0.0,0.0,24.1,0.0,27.0,20.0,18.0,6.0,3.0,13.0,59.1,9.0,6.0,18.0,31.0,58.0,56.0,0.0
85,Daniel Borges,BRA,Defensor,América (MG),29.0,1993.0,14.0,8.0,799.0,8.9,0.0,1.0,1.0,0.0,0.0,0.0,1.0,1.0,0.1,0.1,1.5,1.6,19.0,45.0,37.0,0.0,0.11,0.11,0.0,0.11,0.01,0.17,0.18,0.01,0.18,381.0,494.0,77.1,6686.0,2767.0,177.0,196.0,90.3,159.0,197.0,80.7,39.0,86.0,45.3,3.0,0.0,0.0,0.34,0.0,0.0,0.0,25.8,0.0,18.0,12.0,9.0,7.0,2.0,8.0,57.1,6.0,3.0,6.0,14.0,32.0,30.0,0.0
86,Daniel Borges,BRA,Defensor,Botafogo (RJ),29.0,1993.0,1.0,0.0,45.0,0.5,0.0,0.0,0.0,0.0,0.0,0.0,0.0,0.0,0.0,0.0,0.0,0.0,0.0,0.0,1.0,0.0,0.0,0.0,0.0,0.0,0.05,0.0,0.05,0.05,0.05,10.0,14.0,71.4,162.0,55.0,5.0,5.0,100.0,5.0,6.0,83.3,0.0,3.0,0.0,1.0,1.0,100.0,2.0,2.0,0.0,0.0,26.5,0.0,3.0,2.0,3.0,0.0,0.0,2.0,50.0,2.0,0.0,2.0,1.0,4.0,3.0,0.0
87,Marllon Borges,BRA,Defensor,Cuiabá,30.0,1992.0,36.0,36.0,3240.0,36.0,1.0,1.0,2.0,1.0,0.0,0.0,7.0,0.0,1.5,1.5,0.7,2.2,12.0,88.0,1.0,0.03,0.03,0.06,0.03,0.06,0.04,0.02,0.06,0.04,0.06,1265.0,1464.0,86.4,25475.0,10301.0,374.0,423.0,88.4,720.0,778.0,92.5,157.0,226.0,69.5,13.0,4.0,30.8,0.36,0.11,0.08,0.25,9.0,0.0,50.0,34.0,31.0,18.0,1.0,23.0,52.3,21.0,21.0,17.0,27.0,77.0,151.0,0.0
91,David Braz,BRA,Defensor,Fluminense,35.0,1987.0,18.0,10.0,865.0,9.6,0.0,0.0,0.0,0.0,0.0,0.0,2.0,0.0,0.7,0.7,0.1,0.8,16.0,31.0,2.0,0.0,0.0,0.0,0.0,0.0,0.08,0.01,0.08,0.08,0.08,558.0,651.0,85.7,9176.0,3612.0,279.0,295.0,94.6,229.0,255.0,89.8,38.0,78.0,48.7,10.0,3.0,30.0,1.04,0.31,0.0,0.0,18.7,3.0,11.0,8.0,5.0,4.0,2.0,6.0,60.0,4.0,6.0,5.0,8.0,19.0,50.0,1.0
95,Emanuel Brítez,ARG,Defensor,Fortaleza,30.0,1992.0,31.0,31.0,2761.0,30.7,0.0,1.0,1.0,0.0,0.0,0.0,11.0,1.0,1.0,1.0,0.6,1.6,19.0,86.0,17.0,0.0,0.03,0.03,0.0,0.03,0.03,0.02,0.05,0.03,0.05,1105.0,1350.0,81.9,19693.0,8075.0,438.0,491.0,89.2,554.0,622.0,89.1,89.0,192.0,46.4,20.0,3.0,15.0,0.65,0.1,0.0,0.0,17.5,0.0,37.0,25.0,24.0,10.0,3.0,23.0,50.0,23.0,26.0,11.0,31.0,68.0,147.0,0.0
97,Fabrício Bruno,BRA,Defensor,Flamengo,26.0,1996.0,34.0,34.0,3060.0,34.0,0.0,1.0,1.0,0.0,0.0,0.0,8.0,0.0,0.7,0.7,0.5,1.2,32.0,199.0,7.0,0.0,0.03,0.03,0.0,0.03,0.02,0.01,0.04,0.02,0.04,2017.0,2264.0,89.1,39568.0,15390.0,684.0,737.0,92.8,1101.0,1188.0,92.7,222.0,308.0,72.1,16.0,4.0,25.0,0.47,0.12,0.0,0.0,15.2,0.0,48.0,28.0,29.0,18.0,1.0,27.0,77.1,8.0,26.0,14.0,25.0,73.0,148.0,1.0
99,Esteban Burgos,ARG,Defensor,América (MG),31.0,1992.0,4.0,4.0,294.0,3.3,0.0,0.0,0.0,0.0,0.0,0.0,4.0,1.0,0.0,0.0,0.0,0.0,1.0,7.0,2.0,0.0,0.0,0.0,0.0,0.0,0.0,0.0,0.0,0.0,0.0,67.0,89.0,75.3,1505.0,685.0,12.0,16.0,75.0,40.0,48.0,83.3,13.0,23.0,56.5,0.0,0.0,0.0,0.0,0.0,0.0,0.0,0.0,0.0,2.0,1.0,1.0,1.0,0.0,2.0,66.7,1.0,2.0,3.0,1.0,3.0,24.0,0.0
100,Fabricio Bustos,ARG,Defensor,Internacional,26.0,1996.0,29.0,28.0,2499.0,27.8,3.0,3.0,6.0,3.0,0.0,0.0,4.0,0.0,1.0,1.0,2.9,3.9,39.0,103.0,151.0,0.11,0.11,0.22,0.11,0.22,0.04,0.1,0.14,0.04,0.14,1353.0,1721.0,78.6,21219.0,7162.0,718.0,812.0,88.4,523.0,657.0,79.6,84.0,150.0,56.0,17.0,6.0,35.3,0.61,0.22,0.18,0.5,23.6,0.0,68.0,48.0,38.0,19.0,11.0,39.0,67.2,19.0,11.0,24.0,16.0,84.0,70.0,0.0
102,Cacá,BRA,Defensor,Ath Paranaense,23.0,1999.0,19.0,19.0,1694.0,18.8,2.0,0.0,2.0,2.0,0.0,0.0,6.0,0.0,1.1,1.1,0.3,1.4,12.0,39.0,8.0,0.11,0.0,0.11,0.11,0.11,0.06,0.02,0.08,0.06,0.08,612.0,752.0,81.4,12435.0,4277.0,180.0,200.0,90.0,343.0,383.0,89.6,81.0,144.0,56.3,9.0,2.0,22.2,0.48,0.11,0.22,1.0,11.6,0.0,27.0,16.0,23.0,4.0,0.0,16.0,64.0,9.0,15.0,8.0,18.0,45.0,69.0,1.0
103,Cadu,BRA,Defensor,Santos,20.0,2002.0,1.0,0.0,16.0,0.2,0.0,0.0,0.0,0.0,0.0,0.0,0.0,0.0,0.0,0.0,0.0,0.0,0.0,1.0,0.0,0.0,0.0,0.0,0.0,0.0,0.0,0.0,0.0,0.0,0.0,8.0,11.0,72.7,102.0,38.0,7.0,8.0,87.5,0.0,1.0,0.0,1.0,2.0,50.0,0.0,0.0,0.0,0.0,0.0,0.0,0.0,0.0,0.0,0.0,0.0,0.0,0.0,0.0,0.0,0.0,0.0,0.0,0.0,0.0,0.0,0.0,0.0
104,Caetano,BRA,Defensor,Corinthians,23.0,1999.0,16.0,13.0,1204.0,13.4,0.0,0.0,0.0,0.0,0.0,0.0,3.0,0.0,0.2,0.2,0.0,0.2,2.0,35.0,0.0,0.0,0.0,0.0,0.0,0.0,0.01,0.0,0.01,0.01,0.01,721.0,798.0,90.4,15477.0,5012.0,191.0,200.0,95.5,419.0,449.0,93.3,110.0,145.0,75.9,3.0,0.0,0.0,0.22,0.0,0.0,0.0,8.2,0.0,12.0,8.0,10.0,2.0,0.0,5.0,62.5,3.0,14.0,5.0,19.0,31.0,61.0,1.0
106,Júnior Caiçara,BRA,Defensor,Santos,33.0,1989.0,5.0,1.0,169.0,1.9,0.0,0.0,0.0,0.0,0.0,0.0,1.0,0.0,0.0,0.0,0.0,0.0,6.0,8.0,10.0,0.0,0.0,0.0,0.0,0.0,0.0,0.0,0.0,0.0,0.0,101.0,131.0,77.1,1635.0,412.0,59.0,68.0,86.8,34.0,41.0,82.9,6.0,14.0,42.9,0.0,0.0,0.0,0.0,0.0,0.0,0.0,0.0,0.0,5.0,3.0,3.0,1.0,1.0,3.0,42.9,4.0,1.0,1.0,2.0,7.0,8.0,0.0
111,Patric Calmon PK,BRA,Defensor,Cuiabá,28.0,1994.0,15.0,5.0,520.0,5.8,0.0,0.0,0.0,0.0,0.0,0.0,3.0,1.0,0.2,0.2,0.3,0.4,14.0,29.0,30.0,0.0,0.0,0.0,0.0,0.0,0.03,0.05,0.07,0.03,0.07,209.0,288.0,72.6,3441.0,1556.0,114.0,130.0,87.7,80.0,117.0,68.4,14.0,32.0,43.8,2.0,1.0,50.0,0.35,0.17,0.0,0.0,21.3,0.0,12.0,9.0,8.0,1.0,3.0,7.0,53.8,6.0,1.0,8.0,9.0,21.0,19.0,0.0
115,Camilo Cándido,URU,Defensor,Bahia,27.0,1995.0,19.0,15.0,1244.0,13.8,1.0,2.0,3.0,1.0,0.0,0.0,2.0,1.0,0.4,0.4,1.3,1.6,18.0,62.0,91.0,0.07,0.14,0.22,0.07,0.22,0.03,0.09,0.12,0.03,0.12,544.0,739.0,73.6,9056.0,3554.0,286.0,326.0,87.7,204.0,281.0,72.6,45.0,96.0,46.9,10.0,4.0,40.0,0.72,0.29,0.1,0.25,25.1,1.0,24.0,16.0,16.0,5.0,3.0,8.0,34.8,15.0,1.0,13.0,23.0,47.0,23.0,0.0
116,Luan Cândido,BRA,Defensor,Bragantino,21.0,2001.0,22.0,11.0,1082.0,12.0,1.0,1.0,2.0,1.0,0.0,0.0,3.0,0.0,1.8,1.8,1.2,2.9,19.0,55.0,42.0,0.08,0.08,0.17,0.08,0.17,0.15,0.1,0.24,0.15,0.24,482.0,610.0,79.0,8837.0,3097.0,195.0,235.0,83.0,241.0,288.0,83.7,40.0,63.0,63.5,29.0,12.0,41.4,2.41,1.0,0.03,0.08,20.6,6.0,19.0,12.0,12.0,5.0,2.0,7.0,53.8,6.0,8.0,16.0,13.0,32.0,45.0,0.0
120,Manuel Capasso,ARG,Defensor,Vasco da Gama,26.0,1996.0,9.0,6.0,554.0,6.2,0.0,0.0,0.0,0.0,0.0,0.0,4.0,0.0,0.1,0.1,0.0,0.1,1.0,15.0,1.0,0.0,0.0,0.0,0.0,0.0,0.01,0.0,0.01,0.01,0.01,286.0,343.0,83.4,5949.0,2224.0,84.0,92.0,91.3,167.0,184.0,90.8,33.0,62.0,53.2,1.0,0.0,0.0,0.16,0.0,0.0,0.0,10.4,0.0,8.0,4.0,6.0,2.0,0.0,3.0,33.3,6.0,8.0,3.0,8.0,16.0,20.0,0.0
121,Juninho Capixaba,BRA,Defensor,Bragantino,25.0,1997.0,34.0,33.0,2875.0,31.9,2.0,1.0,3.0,2.0,0.0,0.0,12.0,0.0,2.9,2.9,4.5,7.4,71.0,231.0,127.0,0.06,0.03,0.09,0.06,0.09,0.09,0.14,0.23,0.09,0.23,1612.0,2106.0,76.5,29240.0,12272.0,698.0,802.0,87.0,709.0,888.0,79.8,179.0,294.0,60.9,51.0,21.0,41.2,1.6,0.66,0.04,0.1,20.2,2.0,69.0,54.0,25.0,28.0,16.0,35.0,39.8,53.0,12.0,33.0,79.0,148.0,85.0,3.0
127,Ryan Carlos,BRA,Defensor,Bahia,20.0,2002.0,9.0,5.0,578.0,6.4,0.0,1.0,1.0,0.0,0.0,0.0,3.0,0.0,0.1,0.1,0.5,0.6,21.0,42.0,44.0,0.0,0.16,0.16,0.0,0.16,0.01,0.08,0.09,0.01,0.09,311.0,408.0,76.2,5297.0,1901.0,143.0,161.0,88.8,133.0,163.0,81.6,29.0,59.0,49.2,2.0,1.0,50.0,0.31,0.16,0.0,0.0,20.6,0.0,7.0,6.0,5.0,2.0,0.0,4.0,33.3,8.0,2.0,7.0,8.0,15.0,11.0,1.0
131,Luciano Castán,BRA,Defensor,Cruzeiro,33.0,1989.0,36.0,36.0,3210.0,35.7,1.0,0.0,1.0,1.0,0.0,0.0,7.0,0.0,1.3,1.3,0.3,1.6,23.0,124.0,7.0,0.03,0.0,0.03,0.03,0.03,0.04,0.01,0.04,0.04,0.04,1659.0,1936.0,85.7,33313.0,12632.0,532.0,584.0,91.1,914.0,991.0,92.2,207.0,328.0,63.1,24.0,8.0,33.3,0.67,0.22,0.04,0.13,11.7,0.0,29.0,18.0,21.0,7.0,1.0,19.0,73.1,7.0,20.0,6.0,29.0,58.0,145.0,1.0
135,Brayan Ceballos,COL,Defensor,Fortaleza,21.0,2001.0,3.0,2.0,206.0,2.3,0.0,0.0,0.0,0.0,0.0,0.0,2.0,0.0,0.1,0.1,0.0,0.1,1.0,4.0,0.0,0.0,0.0,0.0,0.0,0.0,0.05,0.0,0.05,0.05,0.05,118.0,143.0,82.5,2064.0,750.0,46.0,48.0,95.8,60.0,73.0,82.2,8.0,15.0,53.3,2.0,1.0,50.0,0.87,0.44,0.0,0.0,10.7,0.0,2.0,2.0,1.0,1.0,0.0,0.0,0.0,0.0,1.0,2.0,2.0,4.0,15.0,0.0
137,Murilo Cerqueira,BRA,Defensor,Palmeiras,25.0,1997.0,25.0,24.0,2165.0,24.1,3.0,2.0,5.0,3.0,0.0,0.0,6.0,1.0,1.0,1.0,1.7,2.7,14.0,81.0,1.0,0.12,0.08,0.21,0.12,0.21,0.04,0.07,0.11,0.04,0.11,1141.0,1278.0,89.3,23588.0,8939.0,319.0,347.0,91.9,668.0,713.0,93.7,147.0,196.0,75.0,12.0,7.0,58.3,0.5,0.29,0.25,0.43,11.1,0.0,29.0,21.0,15.0,13.0,1.0,16.0,55.2,13.0,17.0,8.0,28.0,57.0,79.0,0.0
139,Júlio César,BRA,Defensor,América (MG),19.0,2003.0,9.0,6.0,595.0,6.6,0.0,1.0,1.0,0.0,0.0,0.0,1.0,0.0,0.2,0.2,0.0,0.3,3.0,21.0,1.0,0.0,0.15,0.15,0.0,0.15,0.03,0.01,0.04,0.03,0.04,271.0,313.0,86.6,4814.0,2084.0,107.0,120.0,89.2,144.0,157.0,91.7,18.0,28.0,64.3,4.0,0.0,0.0,0.61,0.0,0.0,0.0,14.9,0.0,9.0,7.0,6.0,3.0,0.0,7.0,77.8,2.0,10.0,5.0,4.0,13.0,41.0,0.0
140,Reynaldo Cesar Moraes,BRA,Defensor,Cruzeiro,26.0,1997.0,2.0,1.0,66.0,0.7,0.0,0.0,0.0,0.0,0.0,0.0,0.0,0.0,0.0,0.0,0.0,0.0,0.0,1.0,0.0,0.0,0.0,0.0,0.0,0.0,0.0,0.0,0.0,0.0,0.0,26.0,32.0,81.3,511.0,207.0,4.0,5.0,80.0,21.0,22.0,95.5,0.0,4.0,0.0,0.0,0.0,0.0,0.0,0.0,0.0,0.0,0.0,0.0,0.0,0.0,0.0,0.0,0.0,0.0,0.0,0.0,0.0,0.0,0.0,0.0,3.0,0.0
141,Reynaldo Cesar Moraes,BRA,Defensor,Coritiba,26.0,1997.0,6.0,1.0,245.0,2.7,0.0,0.0,0.0,0.0,0.0,0.0,3.0,0.0,0.0,0.0,0.0,0.0,0.0,0.0,0.0,0.0,0.0,0.0,0.0,0.0,0.0,0.0,0.0,0.0,0.0,63.0,82.0,76.8,1194.0,449.0,27.0,29.0,93.1,28.0,32.0,87.5,7.0,18.0,38.9,0.0,0.0,0.0,0.0,0.0,0.0,0.0,0.0,0.0,4.0,3.0,4.0,0.0,0.0,1.0,50.0,1.0,2.0,0.0,7.0,11.0,19.0,0.0
143,Jhon Chancellor,VEN,Defensor,Coritiba,31.0,1992.0,4.0,3.0,303.0,3.4,0.0,0.0,0.0,0.0,0.0,0.0,0.0,0.0,0.0,0.0,0.0,0.0,0.0,2.0,0.0,0.0,0.0,0.0,0.0,0.0,0.01,0.0,0.01,0.01,0.01,80.0,101.0,79.2,1533.0,602.0,32.0,36.0,88.9,37.0,43.0,86.0,11.0,21.0,52.4,1.0,0.0,0.0,0.3,0.0,0.0,0.0,14.7,0.0,6.0,4.0,6.0,0.0,0.0,4.0,100.0,0.0,4.0,1.0,2.0,8.0,21.0,0.0
149,Cicinho,BUL,Defensor,Bahia,34.0,1988.0,13.0,9.0,753.0,8.4,0.0,0.0,0.0,0.0,0.0,0.0,4.0,0.0,0.4,0.4,0.3,0.8,17.0,27.0,36.0,0.0,0.0,0.0,0.0,0.0,0.05,0.04,0.09,0.05,0.09,305.0,384.0,79.4,4314.0,1489.0,198.0,220.0,90.0,88.0,110.0,80.0,9.0,22.0,40.9,5.0,2.0,40.0,0.6,0.24,0.0,0.0,13.1,0.0,24.0,16.0,9.0,12.0,3.0,11.0,61.1,7.0,3.0,9.0,5.0,29.0,26.0,1.0
150,Cipriano,BRA,Defensor,Bragantino,20.0,2002.0,1.0,1.0,75.0,0.8,0.0,0.0,0.0,0.0,0.0,0.0,1.0,0.0,0.0,0.0,0.0,0.0,0.0,0.0,0.0,0.0,0.0,0.0,0.0,0.0,0.0,0.0,0.0,0.0,0.0,26.0,29.0,89.7,642.0,226.0,5.0,6.0,83.3,11.0,13.0,84.6,10.0,10.0,100.0,0.0,0.0,0.0,0.0,0.0,0.0,0.0,0.0,0.0,1.0,1.0,1.0,0.0,0.0,1.0,100.0,0.0,0.0,0.0,2.0,3.0,11.0,0.0
163,Víctor Cuesta,ARG,Defensor,Botafogo (RJ),34.0,1988.0,35.0,35.0,3150.0,35.0,1.0,1.0,2.0,1.0,0.0,0.0,9.0,0.0,2.4,2.2,0.8,3.0,10.0,120.0,7.0,0.03,0.03,0.06,0.03,0.06,0.07,0.02,0.09,0.06,0.09,1438.0,1733.0,83.0,26299.0,10773.0,540.0,586.0,92.2,764.0,859.0,88.9,112.0,249.0,45.0,22.0,5.0,22.7,0.63,0.14,0.05,0.2,13.8,3.0,46.0,31.0,22.0,19.0,5.0,22.0,61.1,14.0,26.0,11.0,58.0,104.0,123.0,1.0
165,Lucas Cunha,BRA,Defensor,Bragantino,26.0,1997.0,1.0,1.0,70.0,0.8,0.0,0.0,0.0,0.0,0.0,0.0,0.0,0.0,0.0,0.0,0.0,0.0,0.0,8.0,0.0,0.0,0.0,0.0,0.0,0.0,0.0,0.02,0.02,0.0,0.02,81.0,88.0,92.0,1641.0,638.0,26.0,27.0,96.3,43.0,46.0,93.5,12.0,15.0,80.0,0.0,0.0,0.0,0.0,0.0,0.0,0.0,0.0,0.0,0.0,0.0,0.0,0.0,0.0,0.0,0.0,1.0,1.0,0.0,1.0,1.0,1.0,1.0
167,Ian Custódio,BRA,Defensor,Palmeiras,19.0,2003.0,1.0,0.0,17.0,0.2,0.0,0.0,0.0,0.0,0.0,0.0,0.0,0.0,0.0,0.0,0.0,0.0,1.0,0.0,0.0,0.0,0.0,0.0,0.0,0.0,0.0,0.0,0.0,0.0,0.0,3.0,7.0,42.9,54.0,26.0,1.0,1.0,100.0,2.0,3.0,66.7,0.0,1.0,0.0,0.0,0.0,0.0,0.0,0.0,0.0,0.0,0.0,0.0,0.0,0.0,0.0,0.0,0.0,0.0,0.0,0.0,0.0,0.0,0.0,0.0,0.0,0.0
168,João Dalla Corte,BRA,Defensor,Internacional,16.0,2006.0,1.0,0.0,20.0,0.2,0.0,0.0,0.0,0.0,0.0,0.0,0.0,0.0,0.0,0.0,0.0,0.0,0.0,1.0,1.0,0.0,0.0,0.0,0.0,0.0,0.0,0.0,0.0,0.0,0.0,6.0,10.0,60.0,68.0,22.0,5.0,5.0,100.0,1.0,3.0,33.3,0.0,1.0,0.0,0.0,0.0,0.0,0.0,0.0,0.0,0.0,0.0,0.0,1.0,0.0,0.0,0.0,1.0,0.0,0.0,0.0,0.0,0.0,1.0,2.0,0.0,0.0
179,Leonel Di Plácido,ARG,Defensor,Botafogo (RJ),29.0,1994.0,32.0,25.0,2355.0,26.2,1.0,4.0,5.0,1.0,0.0,0.0,5.0,0.0,0.2,0.2,2.5,2.7,57.0,106.0,84.0,0.04,0.15,0.19,0.04,0.19,0.01,0.09,0.1,0.01,0.1,1058.0,1329.0,79.6,17453.0,7189.0,537.0,590.0,91.0,418.0,521.0,80.2,83.0,150.0,55.3,10.0,3.0,30.0,0.38,0.11,0.1,0.33,27.8,0.0,79.0,51.0,46.0,28.0,5.0,54.0,45.4,65.0,7.0,34.0,48.0,127.0,56.0,0.0
180,Gabriel Dias,BRA,Defensor,Vasco da Gama,28.0,1994.0,1.0,0.0,12.0,0.1,0.0,0.0,0.0,0.0,0.0,0.0,1.0,0.0,0.0,0.0,0.0,0.0,0.0,0.0,0.0,0.0,0.0,0.0,0.0,0.0,0.0,0.0,0.0,0.0,0.0,1.0,1.0,100.0,19.0,7.0,0.0,0.0,0.0,1.0,1.0,100.0,0.0,0.0,0.0,0.0,0.0,0.0,0.0,0.0,0.0,0.0,0.0,0.0,1.0,1.0,1.0,0.0,0.0,0.0,0.0,0.0,0.0,0.0,0.0,1.0,4.0,0.0
184,Diego,BRA,Defensor,São Paulo,23.0,1999.0,23.0,20.0,1744.0,19.4,0.0,0.0,0.0,0.0,0.0,0.0,6.0,0.0,0.6,0.6,0.1,0.6,2.0,61.0,1.0,0.0,0.0,0.0,0.0,0.0,0.03,0.0,0.03,0.03,0.03,1174.0,1308.0,89.8,24944.0,7599.0,271.0,294.0,92.2,749.0,777.0,96.4,143.0,213.0,67.1,9.0,4.0,44.4,0.46,0.21,0.0,0.0,12.7,0.0,21.0,11.0,13.0,8.0,0.0,12.0,54.5,10.0,14.0,13.0,18.0,39.0,99.0,0.0
188,Dodô,BRA,Defensor,Atlético Mineiro,30.0,1992.0,1.0,1.0,59.0,0.7,0.0,0.0,0.0,0.0,0.0,0.0,0.0,0.0,0.0,0.0,0.0,0.0,2.0,8.0,7.0,0.0,0.0,0.0,0.0,0.0,0.03,0.0,0.03,0.03,0.03,46.0,56.0,82.1,746.0,182.0,21.0,25.0,84.0,23.0,26.0,88.5,2.0,5.0,40.0,1.0,0.0,0.0,1.53,0.0,0.0,0.0,25.0,0.0,0.0,0.0,0.0,0.0,0.0,0.0,0.0,0.0,0.0,1.0,1.0,1.0,0.0,0.0
189,Dodô,BRA,Defensor,Santos,30.0,1992.0,18.0,18.0,1426.0,15.8,0.0,1.0,1.0,0.0,0.0,0.0,4.0,0.0,0.5,0.5,1.7,2.2,26.0,82.0,42.0,0.0,0.06,0.06,0.0,0.06,0.03,0.11,0.14,0.03,0.14,685.0,835.0,82.0,10327.0,4362.0,381.0,416.0,91.6,249.0,299.0,83.3,35.0,72.0,48.6,7.0,0.0,0.0,0.44,0.0,0.0,0.0,11.0,0.0,20.0,15.0,11.0,7.0,2.0,12.0,52.2,11.0,5.0,13.0,29.0,49.0,44.0,1.0
191,Thiago Dombroski,BRA,Defensor,Coritiba,20.0,2002.0,7.0,7.0,504.0,5.6,0.0,0.0,0.0,0.0,0.0,0.0,4.0,0.0,0.1,0.1,0.0,0.1,5.0,21.0,0.0,0.0,0.0,0.0,0.0,0.0,0.02,0.0,0.02,0.02,0.02,197.0,260.0,75.8,4403.0,2044.0,52.0,57.0,91.2,108.0,122.0,88.5,36.0,78.0,46.2,2.0,0.0,0.0,0.36,0.0,0.0,0.0,12.5,0.0,2.0,2.0,1.0,1.0,0.0,1.0,25.0,3.0,2.0,2.0,6.0,8.0,28.0,0.0
195,David Duarte,BRA,Defensor,Bahia,28.0,1995.0,11.0,10.0,867.0,9.6,1.0,0.0,1.0,1.0,0.0,0.0,3.0,0.0,0.6,0.6,0.0,0.6,5.0,17.0,0.0,0.1,0.0,0.1,0.1,0.1,0.06,0.0,0.06,0.06,0.06,381.0,459.0,83.0,7762.0,2555.0,95.0,111.0,85.6,239.0,257.0,93.0,41.0,79.0,51.9,7.0,2.0,28.6,0.73,0.21,0.14,0.5,13.2,0.0,8.0,5.0,4.0,4.0,0.0,6.0,75.0,2.0,6.0,2.0,11.0,19.0,50.0,1.0
200,Eder,BRA,Defensor,América (MG),27.0,1995.0,24.0,17.0,1566.0,17.4,0.0,0.0,0.0,0.0,0.0,0.0,7.0,1.0,0.4,0.4,0.2,0.5,9.0,54.0,4.0,0.0,0.0,0.0,0.0,0.0,0.02,0.01,0.03,0.02,0.03,554.0,692.0,80.1,11569.0,5119.0,173.0,191.0,90.6,290.0,331.0,87.6,89.0,160.0,55.6,7.0,2.0,28.6,0.4,0.11,0.0,0.0,12.7,0.0,23.0,14.0,14.0,7.0,2.0,15.0,71.4,6.0,21.0,13.0,19.0,42.0,99.0,1.0
201,EDU,BRA,Defensor,Goiás,22.0,2000.0,9.0,4.0,435.0,4.8,0.0,0.0,0.0,0.0,0.0,0.0,1.0,0.0,0.4,0.4,0.1,0.5,1.0,10.0,0.0,0.0,0.0,0.0,0.0,0.0,0.08,0.01,0.09,0.08,0.09,188.0,222.0,84.7,3984.0,1595.0,50.0,50.0,100.0,107.0,123.0,87.0,29.0,44.0,65.9,2.0,1.0,50.0,0.41,0.21,0.0,0.0,6.7,0.0,4.0,2.0,2.0,1.0,1.0,2.0,50.0,2.0,5.0,3.0,4.0,8.0,32.0,0.0
207,Rodrigo Ely,BRA,Defensor,Grêmio,29.0,1993.0,9.0,8.0,665.0,7.4,0.0,0.0,0.0,0.0,0.0,0.0,4.0,0.0,0.0,0.0,0.1,0.1,1.0,7.0,0.0,0.0,0.0,0.0,0.0,0.0,0.0,0.01,0.01,0.0,0.01,156.0,206.0,75.7,3126.0,1391.0,53.0,59.0,89.8,77.0,88.0,87.5,25.0,51.0,49.0,0.0,0.0,0.0,0.0,0.0,0.0,0.0,0.0,0.0,6.0,2.0,5.0,1.0,0.0,1.0,50.0,1.0,6.0,0.0,3.0,9.0,46.0,0.0
210,Alan Empereur,BRA,Defensor,Cuiabá,28.0,1994.0,33.0,33.0,2950.0,32.8,1.0,1.0,2.0,1.0,0.0,0.0,9.0,0.0,0.5,0.5,0.8,1.3,31.0,138.0,7.0,0.03,0.03,0.06,0.03,0.06,0.01,0.02,0.04,0.01,0.04,1426.0,1670.0,85.4,29782.0,13262.0,496.0,546.0,90.8,702.0,753.0,93.2,219.0,344.0,63.7,12.0,4.0,33.3,0.37,0.12,0.08,0.25,19.5,0.0,23.0,15.0,20.0,3.0,0.0,18.0,48.6,19.0,15.0,13.0,27.0,50.0,116.0,1.0
214,Gonzalo Escobar,ARG,Defensor,Fortaleza,25.0,1997.0,13.0,6.0,579.0,6.4,0.0,1.0,1.0,0.0,0.0,0.0,4.0,0.0,0.3,0.3,0.2,0.5,11.0,25.0,53.0,0.0,0.16,0.16,0.0,0.16,0.04,0.04,0.08,0.04,0.08,280.0,365.0,76.7,4896.0,1431.0,133.0,146.0,91.1,120.0,158.0,75.9,24.0,45.0,53.3,7.0,1.0,14.3,1.09,0.16,0.0,0.0,17.4,0.0,18.0,14.0,5.0,8.0,5.0,10.0,66.7,5.0,2.0,6.0,15.0,33.0,16.0,0.0
215,Lucas Esquivel,ARG,Defensor,Ath Paranaense,21.0,2001.0,19.0,18.0,1651.0,18.3,0.0,1.0,1.0,0.0,0.0,0.0,3.0,0.0,0.2,0.2,1.4,1.6,28.0,69.0,47.0,0.0,0.05,0.05,0.0,0.05,0.01,0.07,0.09,0.01,0.09,793.0,1071.0,74.0,13225.0,5356.0,400.0,445.0,89.9,322.0,420.0,76.7,61.0,160.0,38.1,8.0,2.0,25.0,0.44,0.11,0.0,0.0,22.1,3.0,34.0,27.0,15.0,14.0,5.0,13.0,48.1,14.0,7.0,20.0,22.0,56.0,50.0,0.0
223,Bruno Fabiano Alves,BRA,Defensor,Grêmio,31.0,1991.0,29.0,27.0,2450.0,27.2,0.0,0.0,0.0,0.0,0.0,0.0,3.0,1.0,0.5,0.5,0.0,0.6,6.0,36.0,1.0,0.0,0.0,0.0,0.0,0.0,0.02,0.0,0.02,0.02,0.02,751.0,899.0,83.5,14028.0,5535.0,254.0,279.0,91.0,414.0,468.0,88.5,70.0,131.0,53.4,9.0,1.0,11.1,0.33,0.04,0.0,0.0,10.5,0.0,31.0,17.0,15.0,15.0,1.0,12.0,60.0,8.0,26.0,16.0,29.0,60.0,110.0,0.0
227,Fagner,BRA,Defensor,Corinthians,33.0,1989.0,30.0,22.0,2095.0,23.3,0.0,1.0,1.0,0.0,0.0,0.0,10.0,0.0,0.3,0.3,2.3,2.6,45.0,138.0,83.0,0.0,0.04,0.04,0.0,0.04,0.01,0.1,0.11,0.01,0.11,1209.0,1573.0,76.9,21565.0,9894.0,546.0,600.0,91.0,519.0,667.0,77.8,128.0,254.0,50.4,10.0,1.0,10.0,0.43,0.04,0.0,0.0,26.4,2.0,43.0,27.0,29.0,8.0,6.0,24.0,54.5,20.0,11.0,12.0,17.0,60.0,66.0,0.0
229,Luiz Felipe,BRA,Defensor,Santos,29.0,1993.0,1.0,0.0,1.0,0.0,0.0,0.0,0.0,0.0,0.0,0.0,0.0,0.0,0.0,0.0,0.0,0.0,0.0,0.0,0.0,0.0,0.0,0.0,0.0,0.0,0.0,0.0,0.0,0.0,0.0,0.0,0.0,0.0,0.0,0.0,0.0,0.0,0.0,0.0,0.0,0.0,0.0,0.0,0.0,0.0,0.0,0.0,0.0,0.0,0.0,0.0,0.0,0.0,0.0,0.0,0.0,0.0,0.0,0.0,0.0,0.0,0.0,0.0,0.0,0.0,0.0,0.0
231,Matheus Felipe,BRA,Defensor,Ath Paranaense,24.0,1998.0,9.0,7.0,532.0,5.9,0.0,0.0,0.0,0.0,0.0,0.0,1.0,0.0,0.0,0.0,0.1,0.2,4.0,17.0,0.0,0.0,0.0,0.0,0.0,0.0,0.01,0.02,0.03,0.01,0.03,205.0,245.0,83.7,3835.0,1358.0,81.0,90.0,90.0,103.0,114.0,90.4,20.0,36.0,55.6,2.0,1.0,50.0,0.34,0.17,0.0,0.0,35.2,0.0,5.0,3.0,5.0,0.0,0.0,2.0,33.3,4.0,5.0,5.0,6.0,11.0,22.0,0.0
240,Fernando,BRA,Defensor,Ath Paranaense,23.0,1999.0,6.0,6.0,477.0,5.3,0.0,2.0,2.0,0.0,0.0,0.0,1.0,0.0,0.1,0.1,0.9,0.9,17.0,15.0,31.0,0.0,0.38,0.38,0.0,0.38,0.01,0.16,0.17,0.01,0.17,260.0,322.0,80.7,4280.0,1311.0,137.0,148.0,92.6,106.0,127.0,83.5,14.0,35.0,40.0,2.0,0.0,0.0,0.38,0.0,0.0,0.0,26.4,0.0,11.0,9.0,7.0,3.0,1.0,7.0,77.8,2.0,0.0,1.0,8.0,19.0,10.0,0.0
245,Tobias Figueiredo,POR,Defensor,Fortaleza,28.0,1994.0,4.0,4.0,343.0,3.8,0.0,0.0,0.0,0.0,0.0,0.0,0.0,0.0,0.0,0.0,0.0,0.0,1.0,7.0,0.0,0.0,0.0,0.0,0.0,0.0,0.01,0.0,0.01,0.01,0.01,158.0,183.0,86.3,3151.0,1080.0,50.0,54.0,92.6,91.0,100.0,91.0,16.0,25.0,64.0,2.0,0.0,0.0,0.52,0.0,0.0,0.0,18.9,0.0,5.0,1.0,3.0,2.0,0.0,3.0,100.0,0.0,1.0,1.0,2.0,7.0,13.0,1.0
248,Alan Franco,ARG,Defensor,São Paulo,26.0,1996.0,13.0,12.0,1129.0,12.5,1.0,1.0,2.0,1.0,0.0,0.0,3.0,0.0,0.9,0.9,0.1,1.0,7.0,48.0,1.0,0.08,0.08,0.16,0.08,0.16,0.07,0.01,0.08,0.07,0.08,852.0,929.0,91.7,16011.0,5675.0,275.0,296.0,92.9,509.0,527.0,96.6,61.0,89.0,68.5,7.0,1.0,14.3,0.56,0.08,0.14,1.0,11.1,0.0,14.0,10.0,9.0,3.0,2.0,11.0,68.8,5.0,8.0,2.0,13.0,27.0,37.0,0.0
251,Bruno Fuchs,BRA,Defensor,Atlético Mineiro,23.0,1999.0,15.0,13.0,1088.0,12.1,0.0,0.0,0.0,0.0,0.0,0.0,2.0,0.0,0.0,0.0,0.2,0.2,5.0,34.0,0.0,0.0,0.0,0.0,0.0,0.0,0.0,0.02,0.02,0.0,0.02,555.0,662.0,83.8,11762.0,4059.0,158.0,175.0,90.3,308.0,339.0,90.9,87.0,137.0,63.5,0.0,0.0,0.0,0.0,0.0,0.0,0.0,0.0,0.0,13.0,6.0,11.0,2.0,0.0,4.0,50.0,4.0,5.0,6.0,16.0,29.0,53.0,0.0
253,Gabriel,BRA,Defensor,Bahia,21.0,2001.0,13.0,10.0,977.0,10.9,0.0,0.0,0.0,0.0,0.0,0.0,2.0,0.0,0.3,0.3,0.2,0.5,9.0,32.0,1.0,0.0,0.0,0.0,0.0,0.0,0.03,0.02,0.05,0.03,0.05,407.0,517.0,78.7,7824.0,2699.0,158.0,177.0,89.3,194.0,228.0,85.1,51.0,99.0,51.5,7.0,3.0,42.9,0.64,0.28,0.0,0.0,13.7,0.0,20.0,9.0,14.0,5.0,1.0,14.0,70.0,6.0,8.0,3.0,30.0,50.0,66.0,1.0
257,Eduardo Gabriel,BRA,Defensor,Santos,26.0,1996.0,3.0,3.0,269.0,3.0,1.0,0.0,1.0,1.0,0.0,0.0,0.0,1.0,0.4,0.4,0.0,0.4,1.0,6.0,1.0,0.33,0.0,0.33,0.33,0.33,0.13,0.0,0.13,0.13,0.13,89.0,106.0,84.0,1534.0,615.0,35.0,42.0,83.3,47.0,51.0,92.2,5.0,11.0,45.5,8.0,2.0,25.0,2.68,0.67,0.13,0.5,12.1,0.0,1.0,0.0,1.0,0.0,0.0,1.0,100.0,0.0,4.0,1.0,6.0,7.0,20.0,0.0
258,Thalisson Gabriel,BRA,Defensor,Coritiba,21.0,2002.0,11.0,11.0,945.0,10.5,0.0,0.0,0.0,0.0,0.0,0.0,2.0,0.0,0.2,0.2,0.1,0.4,4.0,23.0,1.0,0.0,0.0,0.0,0.0,0.0,0.02,0.01,0.03,0.02,0.03,380.0,464.0,81.9,7343.0,2481.0,116.0,134.0,86.6,226.0,262.0,86.3,34.0,55.0,61.8,3.0,2.0,66.7,0.29,0.19,0.0,0.0,10.7,0.0,9.0,8.0,8.0,1.0,0.0,6.0,40.0,9.0,6.0,4.0,11.0,20.0,58.0,1.0
263,JP Galvão,BRA,Defensor,Botafogo (RJ),21.0,2001.0,4.0,2.0,201.0,2.2,0.0,0.0,0.0,0.0,0.0,0.0,0.0,0.0,0.0,0.0,0.0,0.0,2.0,6.0,10.0,0.0,0.0,0.0,0.0,0.0,0.0,0.0,0.0,0.0,0.0,67.0,87.0,77.0,1381.0,456.0,27.0,31.0,87.1,31.0,40.0,77.5,9.0,15.0,60.0,0.0,0.0,0.0,0.0,0.0,0.0,0.0,0.0,0.0,8.0,5.0,5.0,3.0,0.0,6.0,54.5,5.0,1.0,2.0,3.0,11.0,9.0,0.0
266,García,BRA,Defensor,Palmeiras,21.0,2002.0,5.0,3.0,293.0,3.3,0.0,0.0,0.0,0.0,0.0,0.0,3.0,1.0,0.0,0.0,0.1,0.1,5.0,7.0,11.0,0.0,0.0,0.0,0.0,0.0,0.01,0.03,0.04,0.01,0.04,134.0,183.0,73.2,2514.0,967.0,56.0,62.0,90.3,61.0,78.0,78.2,14.0,35.0,40.0,2.0,0.0,0.0,0.61,0.0,0.0,0.0,23.4,0.0,4.0,1.0,3.0,1.0,0.0,1.0,50.0,1.0,0.0,3.0,3.0,7.0,7.0,0.0
268,Luan Garcia,BRA,Defensor,Palmeiras,29.0,1993.0,23.0,21.0,1819.0,20.2,1.0,1.0,2.0,1.0,0.0,0.0,5.0,0.0,1.9,1.9,0.6,2.5,12.0,80.0,0.0,0.05,0.05,0.1,0.05,0.1,0.1,0.03,0.12,0.1,0.12,880.0,1036.0,84.9,21298.0,7748.0,140.0,151.0,92.7,528.0,567.0,93.1,209.0,297.0,70.4,19.0,6.0,31.6,0.94,0.3,0.05,0.17,10.5,0.0,12.0,6.0,6.0,5.0,1.0,6.0,50.0,6.0,19.0,3.0,26.0,38.0,67.0,0.0
270,Pedro Geromel,BRA,Defensor,Grêmio,37.0,1985.0,7.0,6.0,468.0,5.2,0.0,0.0,0.0,0.0,0.0,0.0,2.0,0.0,0.0,0.0,0.0,0.0,0.0,7.0,4.0,0.0,0.0,0.0,0.0,0.0,0.01,0.0,0.01,0.01,0.01,195.0,232.0,84.1,3868.0,1486.0,53.0,56.0,94.6,120.0,132.0,90.9,22.0,40.0,55.0,1.0,0.0,0.0,0.19,0.0,0.0,0.0,11.6,0.0,6.0,4.0,4.0,2.0,0.0,2.0,33.3,4.0,3.0,2.0,8.0,14.0,38.0,0.0
272,Gil,BRA,Defensor,Corinthians,35.0,1987.0,32.0,32.0,2880.0,32.0,2.0,2.0,4.0,2.0,0.0,0.0,10.0,0.0,2.2,2.2,1.4,3.6,4.0,44.0,5.0,0.06,0.06,0.12,0.06,0.12,0.07,0.04,0.11,0.07,0.11,1284.0,1458.0,88.1,24897.0,9602.0,400.0,434.0,92.2,762.0,810.0,94.1,113.0,193.0,58.5,28.0,13.0,46.4,0.87,0.41,0.07,0.15,11.0,0.0,46.0,30.0,34.0,12.0,0.0,26.0,63.4,15.0,36.0,17.0,27.0,73.0,126.0,0.0
274,Gilberto,BRA,Defensor,Bahia,29.0,1993.0,21.0,21.0,1852.0,20.6,1.0,2.0,3.0,1.0,0.0,0.0,4.0,0.0,0.6,0.6,1.3,2.0,56.0,120.0,90.0,0.05,0.1,0.15,0.05,0.15,0.03,0.06,0.1,0.03,0.1,979.0,1204.0,81.3,15825.0,5467.0,518.0,575.0,90.1,370.0,441.0,83.9,72.0,120.0,60.0,18.0,4.0,22.2,0.87,0.19,0.06,0.25,26.1,1.0,45.0,28.0,19.0,21.0,5.0,24.0,44.4,30.0,6.0,20.0,18.0,63.0,26.0,2.0
280,Igor Gomes,BRA,Defensor,Internacional,21.0,2001.0,24.0,14.0,1465.0,16.3,0.0,0.0,0.0,0.0,0.0,0.0,4.0,0.0,0.6,0.6,0.3,1.0,35.0,53.0,39.0,0.0,0.0,0.0,0.0,0.0,0.04,0.02,0.06,0.04,0.06,829.0,1040.0,79.7,14920.0,4872.0,356.0,395.0,90.1,391.0,456.0,85.7,75.0,146.0,51.4,11.0,2.0,18.2,0.68,0.12,0.0,0.0,19.6,0.0,34.0,25.0,23.0,11.0,0.0,22.0,55.0,18.0,7.0,11.0,15.0,49.0,63.0,0.0
283,Gustavo Gómez,PAR,Defensor,Palmeiras,29.0,1993.0,32.0,32.0,2760.0,30.7,2.0,3.0,5.0,2.0,0.0,0.0,10.0,2.0,2.2,2.2,2.8,4.9,13.0,86.0,19.0,0.07,0.1,0.16,0.07,0.16,0.07,0.09,0.16,0.07,0.16,1393.0,1676.0,83.1,27579.0,10408.0,404.0,463.0,87.3,816.0,909.0,89.8,151.0,260.0,58.1,25.0,6.0,24.0,0.82,0.2,0.08,0.33,10.9,0.0,59.0,28.0,33.0,22.0,4.0,34.0,57.6,25.0,12.0,12.0,28.0,87.0,110.0,1.0
292,Guga,BRA,Defensor,Fluminense,24.0,1998.0,22.0,16.0,1508.0,16.8,1.0,3.0,4.0,1.0,0.0,0.0,4.0,0.0,0.8,0.8,2.1,2.9,31.0,73.0,93.0,0.06,0.18,0.24,0.06,0.24,0.05,0.13,0.17,0.05,0.17,838.0,980.0,85.5,12339.0,3794.0,491.0,523.0,93.9,266.0,310.0,85.8,55.0,84.0,65.5,8.0,2.0,25.0,0.48,0.12,0.13,0.5,18.5,0.0,36.0,21.0,21.0,13.0,2.0,22.0,55.0,18.0,8.0,8.0,14.0,50.0,38.0,0.0
300,Lucas Halter,BRA,Defensor,Goiás,22.0,2000.0,30.0,30.0,2582.0,28.7,3.0,0.0,3.0,3.0,0.0,0.0,8.0,2.0,0.9,0.9,0.2,1.1,20.0,107.0,1.0,0.1,0.0,0.1,0.1,0.1,0.03,0.01,0.04,0.03,0.04,1010.0,1229.0,82.2,21384.0,8953.0,274.0,303.0,90.4,573.0,655.0,87.5,151.0,231.0,65.4,20.0,6.0,30.0,0.7,0.21,0.15,0.5,11.5,0.0,39.0,31.0,32.0,5.0,2.0,26.0,63.4,15.0,24.0,14.0,38.0,77.0,134.0,2.0
302,Thiago Heleno,BRA,Defensor,Ath Paranaense,34.0,1988.0,32.0,31.0,2779.0,30.9,0.0,0.0,0.0,0.0,0.0,0.0,9.0,0.0,0.8,0.8,0.4,1.2,2.0,87.0,2.0,0.0,0.0,0.0,0.0,0.0,0.03,0.01,0.04,0.03,0.04,1276.0,1526.0,83.6,28855.0,11946.0,279.0,319.0,87.5,748.0,810.0,92.3,236.0,363.0,65.0,19.0,5.0,26.3,0.62,0.16,0.0,0.0,10.9,0.0,41.0,26.0,28.0,12.0,1.0,27.0,69.2,12.0,19.0,16.0,41.0,82.0,138.0,1.0
304,Henrique,BRA,Defensor,Coritiba,36.0,1986.0,24.0,23.0,2024.0,22.5,0.0,0.0,0.0,0.0,0.0,0.0,7.0,0.0,0.5,0.5,0.0,0.5,3.0,31.0,0.0,0.0,0.0,0.0,0.0,0.0,0.02,0.0,0.02,0.02,0.02,643.0,726.0,88.6,12353.0,4244.0,222.0,243.0,91.4,348.0,373.0,93.3,68.0,98.0,69.4,6.0,3.0,50.0,0.27,0.13,0.0,0.0,15.6,0.0,16.0,5.0,10.0,6.0,0.0,11.0,50.0,11.0,21.0,8.0,18.0,34.0,129.0,2.0
307,Dalbert Henrique,BRA,Defensor,Internacional,29.0,1993.0,9.0,7.0,497.0,5.5,0.0,0.0,0.0,0.0,0.0,0.0,0.0,0.0,0.0,0.0,0.2,0.2,5.0,21.0,21.0,0.0,0.0,0.0,0.0,0.0,0.01,0.04,0.04,0.01,0.04,246.0,328.0,75.0,4090.0,1453.0,113.0,130.0,86.9,112.0,138.0,81.2,13.0,33.0,39.4,2.0,0.0,0.0,0.36,0.0,0.0,0.0,23.2,0.0,18.0,12.0,10.0,5.0,3.0,13.0,86.7,2.0,0.0,5.0,6.0,24.0,8.0,0.0
310,Mateus Henrique,BRA,Defensor,América (MG),20.0,2002.0,12.0,7.0,536.0,6.0,0.0,1.0,1.0,0.0,0.0,0.0,1.0,1.0,0.2,0.2,0.6,0.8,7.0,18.0,23.0,0.0,0.17,0.17,0.0,0.17,0.03,0.09,0.13,0.03,0.13,196.0,275.0,71.3,3326.0,1305.0,89.0,109.0,81.7,80.0,110.0,72.7,18.0,39.0,46.2,3.0,0.0,0.0,0.5,0.0,0.0,0.0,13.5,0.0,12.0,8.0,9.0,3.0,0.0,6.0,40.0,9.0,5.0,9.0,5.0,17.0,22.0,0.0
311,Paulo Henrique,BRA,Defensor,Vasco da Gama,26.0,1996.0,14.0,10.0,852.0,9.5,1.0,1.0,2.0,1.0,0.0,0.0,3.0,0.0,0.3,0.3,0.9,1.2,22.0,30.0,39.0,0.11,0.11,0.21,0.11,0.21,0.03,0.1,0.13,0.03,0.13,353.0,481.0,73.4,5782.0,2214.0,181.0,196.0,92.3,138.0,196.0,70.4,27.0,59.0,45.8,10.0,6.0,60.0,1.06,0.63,0.1,0.17,24.1,0.0,31.0,21.0,12.0,15.0,4.0,17.0,56.7,13.0,4.0,7.0,9.0,40.0,25.0,0.0
312,Pedro Henrique,BRA,Defensor,Ath Paranaense,27.0,1995.0,11.0,10.0,855.0,9.5,1.0,0.0,1.0,1.0,0.0,0.0,3.0,0.0,0.6,0.6,0.1,0.7,8.0,35.0,2.0,0.11,0.0,0.11,0.11,0.11,0.06,0.01,0.07,0.06,0.07,399.0,472.0,84.5,8587.0,3591.0,120.0,132.0,90.9,210.0,229.0,91.7,65.0,103.0,63.1,7.0,2.0,28.6,0.74,0.21,0.14,0.5,15.5,0.0,8.0,5.0,6.0,2.0,0.0,1.0,16.7,5.0,14.0,7.0,12.0,20.0,30.0,0.0
317,Nicolás Hernández,COL,Defensor,Internacional,25.0,1998.0,23.0,12.0,1295.0,14.4,0.0,2.0,2.0,0.0,0.0,0.0,6.0,0.0,0.2,0.2,1.0,1.2,26.0,65.0,2.0,0.0,0.14,0.14,0.0,0.14,0.01,0.07,0.08,0.01,0.08,680.0,780.0,87.2,13059.0,4400.0,238.0,252.0,94.4,380.0,410.0,92.7,57.0,102.0,55.9,4.0,0.0,0.0,0.28,0.0,0.0,0.0,10.0,0.0,16.0,6.0,12.0,3.0,1.0,13.0,72.2,5.0,7.0,11.0,9.0,25.0,67.0,2.0
320,Hugo,BRA,Defensor,Goiás,25.0,1997.0,19.0,16.0,1418.0,15.8,1.0,1.0,2.0,1.0,0.0,0.0,2.0,0.0,0.4,0.4,1.7,2.1,22.0,61.0,68.0,0.06,0.06,0.13,0.06,0.13,0.02,0.11,0.13,0.02,0.13,517.0,737.0,70.1,8794.0,4348.0,273.0,318.0,85.8,185.0,269.0,68.8,52.0,111.0,46.8,16.0,6.0,37.5,1.02,0.38,0.06,0.17,28.2,3.0,32.0,18.0,17.0,11.0,4.0,16.0,72.7,6.0,4.0,16.0,21.0,53.0,63.0,0.0
321,Hugo,BRA,Defensor,Botafogo (RJ),21.0,2001.0,22.0,13.0,1395.0,15.5,0.0,2.0,2.0,0.0,0.0,0.0,3.0,0.0,0.2,0.2,1.6,1.8,36.0,69.0,75.0,0.0,0.13,0.13,0.0,0.13,0.01,0.1,0.12,0.01,0.12,607.0,788.0,77.0,9797.0,3725.0,323.0,357.0,90.5,212.0,268.0,79.1,50.0,115.0,43.5,8.0,2.0,25.0,0.52,0.13,0.0,0.0,27.4,0.0,56.0,31.0,33.0,18.0,5.0,27.0,52.9,24.0,1.0,10.0,24.0,80.0,37.0,0.0
323,Vitor Hugo,BRA,Defensor,Bahia,31.0,1991.0,27.0,27.0,2129.0,23.7,1.0,0.0,1.0,1.0,0.0,0.0,5.0,0.0,0.7,0.7,0.5,1.2,22.0,85.0,3.0,0.04,0.0,0.04,0.04,0.04,0.03,0.02,0.05,0.03,0.05,896.0,1045.0,85.7,17690.0,6526.0,274.0,307.0,89.3,529.0,575.0,92.0,90.0,142.0,63.4,14.0,3.0,21.4,0.59,0.13,0.07,0.33,12.5,0.0,38.0,24.0,29.0,9.0,0.0,18.0,75.0,6.0,12.0,9.0,32.0,70.0,82.0,0.0
325,José Hurtado,ECU,Defensor,Bragantino,21.0,2001.0,25.0,17.0,1618.0,18.0,0.0,0.0,0.0,0.0,0.0,0.0,3.0,0.0,0.3,0.3,1.1,1.4,57.0,86.0,79.0,0.0,0.0,0.0,0.0,0.0,0.01,0.06,0.08,0.01,0.08,745.0,993.0,75.0,11988.0,5052.0,386.0,450.0,85.8,303.0,396.0,76.5,44.0,98.0,44.9,7.0,2.0,28.6,0.39,0.11,0.0,0.0,26.9,0.0,36.0,26.0,16.0,17.0,3.0,25.0,53.2,22.0,6.0,13.0,21.0,57.0,34.0,0.0
329,Gabriel Inocêncio,BRA,Defensor,Santos,28.0,1994.0,22.0,12.0,1276.0,14.2,0.0,0.0,0.0,0.0,0.0,0.0,3.0,0.0,0.5,0.5,0.3,0.8,24.0,51.0,46.0,0.0,0.0,0.0,0.0,0.0,0.03,0.02,0.06,0.03,0.06,539.0,711.0,75.8,8253.0,3573.0,300.0,345.0,87.0,206.0,281.0,73.3,23.0,53.0,43.4,11.0,4.0,36.4,0.78,0.28,0.0,0.0,22.1,0.0,52.0,31.0,30.0,13.0,9.0,28.0,58.3,20.0,8.0,18.0,15.0,67.0,40.0,1.0
333,Zé Ivaldo,BRA,Defensor,Ath Paranaense,25.0,1997.0,14.0,10.0,1016.0,11.3,0.0,0.0,0.0,0.0,0.0,0.0,2.0,1.0,0.1,0.1,0.1,0.2,9.0,27.0,2.0,0.0,0.0,0.0,0.0,0.0,0.01,0.01,0.02,0.01,0.02,457.0,567.0,80.6,9554.0,3765.0,147.0,161.0,91.3,239.0,268.0,89.2,67.0,124.0,54.0,3.0,1.0,33.3,0.27,0.09,0.0,0.0,26.6,1.0,17.0,13.0,13.0,4.0,0.0,10.0,71.4,4.0,5.0,2.0,16.0,33.0,45.0,0.0
342,Jemerson,BRA,Defensor,Atlético Mineiro,30.0,1992.0,32.0,27.0,2476.0,27.5,0.0,1.0,1.0,0.0,0.0,0.0,9.0,0.0,1.0,1.0,0.1,1.1,21.0,66.0,5.0,0.0,0.04,0.04,0.0,0.04,0.03,0.01,0.04,0.03,0.04,1361.0,1534.0,88.7,23892.0,8149.0,521.0,555.0,93.9,697.0,747.0,93.3,97.0,171.0,56.7,10.0,2.0,20.0,0.36,0.07,0.0,0.0,10.2,0.0,30.0,20.0,19.0,10.0,1.0,16.0,48.5,17.0,24.0,7.0,31.0,61.0,104.0,1.0
344,Alexandre Jesus,BRA,Defensor,Fluminense,21.0,2001.0,1.0,0.0,12.0,0.1,0.0,0.0,0.0,0.0,0.0,0.0,0.0,0.0,0.0,0.0,0.0,0.0,0.0,0.0,2.0,0.0,0.0,0.0,0.0,0.0,0.2,0.0,0.2,0.2,0.2,7.0,8.0,87.5,107.0,28.0,3.0,3.0,100.0,3.0,3.0,100.0,0.0,1.0,0.0,1.0,0.0,0.0,7.5,0.0,0.0,0.0,29.0,0.0,0.0,0.0,0.0,0.0,0.0,0.0,0.0,1.0,0.0,0.0,1.0,1.0,1.0,0.0
345,Jhow,BRA,Defensor,América (MG),19.0,2003.0,1.0,0.0,15.0,0.2,0.0,0.0,0.0,0.0,0.0,0.0,0.0,0.0,0.0,0.0,0.0,0.0,0.0,1.0,0.0,0.0,0.0,0.0,0.0,0.0,0.0,0.0,0.0,0.0,0.0,18.0,18.0,100.0,357.0,148.0,5.0,5.0,100.0,11.0,11.0,100.0,2.0,2.0,100.0,0.0,0.0,0.0,0.0,0.0,0.0,0.0,0.0,0.0,0.0,0.0,0.0,0.0,0.0,0.0,0.0,0.0,0.0,0.0,0.0,0.0,1.0,0.0
346,Joaquim,BRA,Defensor,Santos,24.0,1998.0,31.0,31.0,2730.0,30.3,1.0,4.0,5.0,1.0,0.0,0.0,6.0,0.0,2.3,2.3,2.0,4.2,8.0,58.0,8.0,0.03,0.13,0.16,0.03,0.16,0.08,0.06,0.14,0.08,0.14,860.0,1195.0,72.0,18042.0,7492.0,242.0,291.0,83.2,499.0,593.0,84.1,111.0,263.0,42.2,35.0,9.0,25.7,1.15,0.3,0.03,0.11,12.2,0.0,61.0,45.0,46.0,14.0,1.0,38.0,74.5,13.0,24.0,15.0,46.0,107.0,183.0,1.0
348,Felipe Jonatan,BRA,Defensor,Santos,24.0,1998.0,1.0,1.0,90.0,1.0,0.0,0.0,0.0,0.0,0.0,0.0,0.0,0.0,0.0,0.0,0.3,0.3,3.0,9.0,5.0,0.0,0.0,0.0,0.0,0.0,0.0,0.29,0.29,0.0,0.29,69.0,81.0,85.2,1112.0,552.0,38.0,41.0,92.7,21.0,28.0,75.0,9.0,10.0,90.0,0.0,0.0,0.0,0.0,0.0,0.0,0.0,0.0,0.0,0.0,0.0,0.0,0.0,0.0,0.0,0.0,1.0,0.0,2.0,0.0,0.0,0.0,0.0
355,Justen,BRA,Defensor,Fluminense,19.0,2003.0,1.0,1.0,54.0,0.6,0.0,0.0,0.0,0.0,0.0,0.0,0.0,1.0,0.0,0.0,0.0,0.0,0.0,1.0,3.0,0.0,0.0,0.0,0.0,0.0,0.0,0.0,0.0,0.0,0.0,21.0,24.0,87.5,322.0,47.0,12.0,13.0,92.3,6.0,7.0,85.7,2.0,3.0,66.7,0.0,0.0,0.0,0.0,0.0,0.0,0.0,0.0,0.0,2.0,1.0,2.0,0.0,0.0,1.0,50.0,1.0,0.0,1.0,2.0,4.0,4.0,0.0
359,Walter Kannemann,ARG,Defensor,Grêmio,31.0,1991.0,28.0,28.0,2359.0,26.2,0.0,1.0,1.0,0.0,0.0,0.0,17.0,1.0,1.0,1.0,0.2,1.2,12.0,81.0,1.0,0.0,0.04,0.04,0.0,0.04,0.04,0.01,0.05,0.04,0.05,791.0,1011.0,78.2,14032.0,6644.0,317.0,369.0,85.9,402.0,472.0,85.2,58.0,136.0,42.6,10.0,4.0,40.0,0.38,0.15,0.0,0.0,13.6,0.0,50.0,33.0,30.0,18.0,2.0,27.0,51.9,25.0,16.0,20.0,45.0,95.0,116.0,0.0
360,Kanu,BRA,Defensor,Bahia,25.0,1997.0,33.0,33.0,2909.0,32.3,1.0,0.0,1.0,1.0,0.0,0.0,10.0,2.0,1.7,1.7,0.6,2.3,28.0,101.0,7.0,0.03,0.0,0.03,0.03,0.03,0.05,0.02,0.07,0.05,0.07,1411.0,1576.0,89.5,26677.0,8849.0,515.0,542.0,95.0,719.0,769.0,93.5,149.0,213.0,70.0,20.0,5.0,25.0,0.62,0.15,0.05,0.2,13.0,0.0,34.0,25.0,26.0,5.0,3.0,21.0,53.8,18.0,18.0,20.0,47.0,81.0,103.0,1.0
370,Kevyson,BRA,Defensor,Santos,18.0,2004.0,17.0,12.0,970.0,10.8,0.0,0.0,0.0,0.0,0.0,0.0,1.0,0.0,0.2,0.2,0.3,0.5,34.0,35.0,62.0,0.0,0.0,0.0,0.0,0.0,0.02,0.03,0.05,0.02,0.05,306.0,439.0,69.7,4824.0,1969.0,153.0,171.0,89.5,129.0,175.0,73.7,15.0,51.0,29.4,7.0,3.0,42.9,0.65,0.28,0.0,0.0,24.2,0.0,30.0,23.0,18.0,11.0,1.0,13.0,59.1,9.0,3.0,5.0,22.0,52.0,22.0,1.0
371,Khellven,BRA,Defensor,Ath Paranaense,21.0,2001.0,15.0,13.0,995.0,11.1,0.0,4.0,4.0,0.0,0.0,0.0,1.0,0.0,1.0,1.0,2.4,3.4,18.0,18.0,51.0,0.0,0.36,0.36,0.0,0.36,0.09,0.22,0.31,0.09,0.31,318.0,468.0,67.9,5639.0,2031.0,153.0,182.0,84.1,122.0,180.0,67.8,38.0,77.0,49.4,10.0,2.0,20.0,0.9,0.18,0.0,0.0,21.0,3.0,14.0,11.0,6.0,8.0,0.0,11.0,52.4,10.0,5.0,4.0,16.0,30.0,29.0,0.0
373,Benjamín Kuscevic,CHI,Defensor,Coritiba,26.0,1996.0,23.0,23.0,2025.0,22.5,2.0,0.0,2.0,2.0,0.0,0.0,7.0,0.0,1.0,1.0,0.0,1.0,6.0,50.0,5.0,0.09,0.0,0.09,0.09,0.09,0.04,0.0,0.05,0.04,0.05,782.0,952.0,82.1,15833.0,5531.0,234.0,267.0,87.6,454.0,501.0,90.6,88.0,165.0,53.3,12.0,2.0,16.7,0.53,0.09,0.17,1.0,12.0,0.0,41.0,26.0,27.0,12.0,2.0,27.0,57.4,20.0,28.0,16.0,38.0,79.0,111.0,0.0
378,Mauricio Lemos,URU,Defensor,Atlético Mineiro,27.0,1995.0,27.0,25.0,2214.0,24.6,1.0,0.0,1.0,1.0,0.0,0.0,12.0,1.0,1.1,1.1,0.0,1.2,17.0,71.0,2.0,0.04,0.0,0.04,0.04,0.04,0.05,0.0,0.05,0.05,0.05,1043.0,1253.0,83.2,23092.0,8490.0,263.0,289.0,91.0,579.0,631.0,91.8,193.0,305.0,63.3,21.0,7.0,33.3,0.85,0.28,0.05,0.14,20.2,5.0,41.0,29.0,30.0,9.0,2.0,27.0,77.1,8.0,25.0,6.0,41.0,82.0,120.0,0.0
388,Lucão,BRA,Defensor,Bragantino,24.0,1998.0,3.0,2.0,201.0,2.2,0.0,0.0,0.0,0.0,0.0,0.0,1.0,0.0,0.0,0.0,0.0,0.0,0.0,1.0,0.0,0.0,0.0,0.0,0.0,0.0,0.01,0.0,0.01,0.01,0.01,61.0,75.0,81.3,1342.0,417.0,14.0,18.0,77.8,36.0,37.0,97.3,11.0,17.0,64.7,1.0,1.0,100.0,0.45,0.45,0.0,0.0,13.5,0.0,3.0,1.0,3.0,0.0,0.0,1.0,100.0,0.0,0.0,0.0,5.0,8.0,6.0,0.0
390,Lucas,BRA,Defensor,Santos,21.0,2001.0,9.0,7.0,611.0,6.8,0.0,0.0,0.0,0.0,0.0,0.0,1.0,0.0,0.1,0.1,0.2,0.2,14.0,24.0,23.0,0.0,0.0,0.0,0.0,0.0,0.01,0.02,0.04,0.01,0.04,260.0,341.0,76.2,3835.0,1849.0,154.0,177.0,87.0,91.0,119.0,76.5,10.0,26.0,38.5,4.0,3.0,75.0,0.59,0.44,0.0,0.0,21.2,0.0,14.0,8.0,10.0,4.0,0.0,7.0,35.0,13.0,3.0,8.0,6.0,20.0,20.0,0.0
391,Ayrton Lucas,BRA,Defensor,Flamengo,25.0,1997.0,35.0,29.0,2592.0,28.8,4.0,3.0,7.0,4.0,0.0,0.0,8.0,0.0,2.7,2.7,1.3,4.0,67.0,137.0,133.0,0.14,0.1,0.24,0.14,0.24,0.09,0.05,0.14,0.09,0.14,1578.0,1846.0,85.5,24444.0,6838.0,904.0,966.0,93.6,548.0,630.0,87.0,96.0,164.0,58.5,26.0,8.0,30.8,0.9,0.28,0.15,0.5,20.7,0.0,62.0,45.0,31.0,21.0,10.0,37.0,54.4,31.0,5.0,16.0,14.0,76.0,52.0,0.0
394,João Lucas,BRA,Defensor,Santos,24.0,1998.0,15.0,9.0,807.0,9.0,0.0,1.0,1.0,0.0,0.0,0.0,1.0,0.0,0.2,0.2,0.6,0.8,15.0,19.0,40.0,0.0,0.11,0.11,0.0,0.11,0.02,0.07,0.09,0.02,0.09,274.0,411.0,66.7,4362.0,1569.0,139.0,158.0,88.0,104.0,145.0,71.7,22.0,74.0,29.7,8.0,1.0,12.5,0.89,0.11,0.0,0.0,19.4,0.0,21.0,15.0,9.0,10.0,2.0,11.0,57.9,8.0,3.0,13.0,15.0,36.0,22.0,0.0
399,Thomas Luciano,BRA,Defensor,Grêmio,21.0,2002.0,6.0,3.0,312.0,3.5,0.0,0.0,0.0,0.0,0.0,0.0,0.0,0.0,0.2,0.2,0.0,0.2,3.0,5.0,14.0,0.0,0.0,0.0,0.0,0.0,0.05,0.0,0.05,0.05,0.05,85.0,128.0,66.4,1127.0,412.0,54.0,65.0,83.1,23.0,37.0,62.2,3.0,11.0,27.3,4.0,0.0,0.0,1.15,0.0,0.0,0.0,12.0,0.0,9.0,7.0,7.0,2.0,0.0,8.0,53.3,7.0,3.0,2.0,7.0,16.0,13.0,0.0
401,Filipe Luís,BRA,Defensor,Flamengo,37.0,1985.0,10.0,6.0,527.0,5.9,0.0,1.0,1.0,0.0,0.0,0.0,3.0,0.0,0.1,0.1,0.2,0.3,14.0,30.0,12.0,0.0,0.17,0.17,0.0,0.17,0.02,0.03,0.05,0.02,0.05,376.0,405.0,92.8,5868.0,1732.0,213.0,221.0,96.4,128.0,140.0,91.4,27.0,31.0,87.1,2.0,1.0,50.0,0.34,0.17,0.0,0.0,13.6,0.0,18.0,9.0,11.0,6.0,1.0,8.0,88.9,1.0,3.0,2.0,11.0,29.0,13.0,0.0
402,Victor Luis,BRA,Defensor,Coritiba,29.0,1993.0,24.0,17.0,1568.0,17.4,2.0,1.0,3.0,2.0,0.0,0.0,4.0,0.0,1.0,1.0,1.6,2.5,28.0,68.0,30.0,0.11,0.06,0.17,0.11,0.17,0.05,0.09,0.14,0.05,0.14,646.0,867.0,74.5,11250.0,4622.0,306.0,347.0,88.2,279.0,348.0,80.2,54.0,136.0,39.7,15.0,2.0,13.3,0.86,0.11,0.13,1.0,26.9,5.0,27.0,21.0,16.0,9.0,2.0,15.0,48.4,16.0,11.0,14.0,27.0,54.0,41.0,0.0
403,David Luiz,BRA,Defensor,Flamengo,35.0,1987.0,15.0,11.0,994.0,11.0,1.0,1.0,2.0,1.0,0.0,0.0,1.0,0.0,0.3,0.3,0.5,0.8,14.0,66.0,4.0,0.09,0.09,0.18,0.09,0.18,0.02,0.05,0.07,0.02,0.07,633.0,729.0,86.8,12000.0,4434.0,235.0,257.0,91.4,329.0,358.0,91.9,59.0,97.0,60.8,6.0,3.0,50.0,0.54,0.27,0.17,0.33,22.7,0.0,13.0,9.0,8.0,4.0,1.0,6.0,50.0,6.0,11.0,2.0,10.0,23.0,56.0,0.0
409,Maguinho,BRA,Defensor,Goiás,30.0,1993.0,34.0,34.0,2857.0,31.7,2.0,0.0,2.0,2.0,0.0,0.0,11.0,2.0,2.2,2.2,1.2,3.5,59.0,74.0,138.0,0.06,0.0,0.06,0.06,0.06,0.07,0.04,0.11,0.07,0.11,866.0,1229.0,70.5,13913.0,5195.0,458.0,541.0,84.7,332.0,475.0,69.9,61.0,148.0,41.2,27.0,4.0,14.8,0.85,0.13,0.07,0.5,15.0,0.0,50.0,32.0,28.0,16.0,6.0,25.0,48.1,27.0,21.0,21.0,39.0,89.0,86.0,1.0
412,Maicon,BRA,Defensor,Santos,34.0,1988.0,1.0,0.0,45.0,0.5,0.0,0.0,0.0,0.0,0.0,0.0,0.0,0.0,0.1,0.1,0.0,0.1,0.0,0.0,0.0,0.0,0.0,0.0,0.0,0.0,0.12,0.0,0.12,0.12,0.12,12.0,17.0,70.6,201.0,99.0,5.0,5.0,100.0,5.0,6.0,83.3,1.0,4.0,25.0,1.0,1.0,100.0,2.0,2.0,0.0,0.0,10.3,0.0,0.0,0.0,0.0,0.0,0.0,0.0,0.0,0.0,0.0,0.0,1.0,1.0,6.0,0.0
413,Maicon,BRA,Defensor,Vasco da Gama,34.0,1988.0,16.0,14.0,1255.0,13.9,0.0,2.0,2.0,0.0,0.0,0.0,3.0,0.0,0.1,0.1,0.9,1.1,1.0,32.0,2.0,0.0,0.14,0.14,0.0,0.14,0.01,0.07,0.08,0.01,0.08,578.0,686.0,84.3,12865.0,5354.0,163.0,173.0,94.2,289.0,319.0,90.6,123.0,182.0,67.6,4.0,1.0,25.0,0.29,0.07,0.0,0.0,16.0,1.0,19.0,13.0,15.0,4.0,0.0,9.0,69.2,4.0,17.0,6.0,17.0,36.0,84.0,0.0
414,Iago Maidana,BRA,Defensor,América (MG),26.0,1996.0,30.0,24.0,2163.0,24.0,0.0,0.0,0.0,0.0,0.0,0.0,5.0,1.0,0.8,0.8,0.1,0.9,17.0,54.0,7.0,0.0,0.0,0.0,0.0,0.0,0.03,0.01,0.04,0.03,0.04,578.0,775.0,74.6,11891.0,4920.0,176.0,213.0,82.6,311.0,375.0,82.9,85.0,159.0,53.5,15.0,4.0,26.7,0.62,0.17,0.0,0.0,13.6,0.0,32.0,15.0,22.0,9.0,1.0,12.0,54.5,10.0,21.0,10.0,32.0,64.0,107.0,0.0
415,Hugo Mallo,ESP,Defensor,Internacional,31.0,1991.0,6.0,3.0,325.0,3.6,0.0,0.0,0.0,0.0,0.0,0.0,1.0,1.0,0.3,0.3,0.1,0.4,4.0,17.0,15.0,0.0,0.0,0.0,0.0,0.0,0.09,0.02,0.11,0.09,0.11,218.0,260.0,83.8,3834.0,1222.0,88.0,99.0,88.9,114.0,134.0,85.1,14.0,24.0,58.3,5.0,0.0,0.0,1.38,0.0,0.0,0.0,11.5,0.0,7.0,3.0,7.0,0.0,0.0,4.0,50.0,4.0,3.0,5.0,6.0,13.0,10.0,0.0
416,Léo Mana,BRA,Defensor,Corinthians,18.0,2004.0,3.0,2.0,134.0,1.5,0.0,0.0,0.0,0.0,0.0,0.0,1.0,0.0,0.0,0.0,0.0,0.0,3.0,7.0,10.0,0.0,0.0,0.0,0.0,0.0,0.0,0.0,0.0,0.0,0.0,82.0,101.0,81.2,1326.0,261.0,40.0,45.0,88.9,34.0,44.0,77.3,6.0,7.0,85.7,0.0,0.0,0.0,0.0,0.0,0.0,0.0,0.0,0.0,2.0,2.0,1.0,0.0,1.0,1.0,50.0,1.0,1.0,3.0,2.0,4.0,2.0,0.0
418,Manoel,BRA,Defensor,Fluminense,32.0,1990.0,6.0,2.0,289.0,3.2,0.0,0.0,0.0,0.0,0.0,0.0,1.0,0.0,0.0,0.0,0.0,0.0,0.0,6.0,0.0,0.0,0.0,0.0,0.0,0.0,0.0,0.0,0.0,0.0,0.0,194.0,210.0,92.4,3244.0,1279.0,98.0,104.0,94.2,72.0,77.0,93.5,17.0,21.0,81.0,0.0,0.0,0.0,0.0,0.0,0.0,0.0,0.0,0.0,4.0,3.0,2.0,2.0,0.0,4.0,80.0,1.0,4.0,1.0,2.0,6.0,14.0,0.0
419,Fernando Marçal,BRA,Defensor,Botafogo (RJ),33.0,1989.0,22.0,20.0,1626.0,18.1,0.0,3.0,3.0,0.0,0.0,0.0,8.0,1.0,0.2,0.2,1.3,1.5,17.0,83.0,64.0,0.0,0.17,0.17,0.0,0.17,0.01,0.07,0.08,0.01,0.08,794.0,1070.0,74.2,14188.0,6299.0,367.0,415.0,88.4,327.0,404.0,80.9,85.0,198.0,42.9,8.0,1.0,12.5,0.44,0.06,0.0,0.0,23.3,1.0,37.0,16.0,17.0,16.0,4.0,16.0,47.1,18.0,3.0,14.0,38.0,75.0,48.0,0.0
420,Marcelo,BRA,Defensor,Fluminense,34.0,1988.0,19.0,18.0,1325.0,14.7,1.0,1.0,2.0,1.0,0.0,0.0,4.0,0.0,1.4,1.4,3.7,5.1,44.0,151.0,50.0,0.07,0.07,0.14,0.07,0.14,0.09,0.25,0.35,0.09,0.35,889.0,1127.0,78.9,14871.0,5457.0,477.0,523.0,91.2,302.0,364.0,83.0,93.0,188.0,49.5,28.0,8.0,28.6,1.9,0.54,0.04,0.13,22.5,2.0,26.0,19.0,7.0,12.0,7.0,15.0,51.7,14.0,4.0,9.0,12.0,38.0,17.0,1.0
421,Marcelo,BRA,Defensor,Fortaleza,27.0,1996.0,12.0,12.0,1080.0,12.0,0.0,0.0,0.0,0.0,0.0,0.0,3.0,0.0,0.1,0.1,0.3,0.4,2.0,19.0,2.0,0.0,0.0,0.0,0.0,0.0,0.01,0.02,0.03,0.01,0.03,359.0,443.0,81.0,7160.0,3156.0,128.0,143.0,89.5,179.0,213.0,84.0,47.0,78.0,60.3,3.0,0.0,0.0,0.25,0.0,0.0,0.0,11.1,0.0,18.0,12.0,10.0,7.0,1.0,9.0,52.9,8.0,11.0,5.0,17.0,35.0,46.0,0.0
422,João Marcelo,BRA,Defensor,Cruzeiro,22.0,2000.0,5.0,1.0,165.0,1.8,0.0,0.0,0.0,0.0,0.0,0.0,0.0,0.0,0.0,0.0,0.0,0.0,6.0,16.0,0.0,0.0,0.0,0.0,0.0,0.0,0.0,0.0,0.0,0.0,0.0,103.0,112.0,92.0,1940.0,817.0,43.0,46.0,93.5,49.0,52.0,94.2,10.0,13.0,76.9,0.0,0.0,0.0,0.0,0.0,0.0,0.0,0.0,0.0,3.0,3.0,2.0,1.0,0.0,1.0,100.0,0.0,2.0,0.0,4.0,7.0,9.0,0.0
423,Marcinho,BRA,Defensor,América (MG),26.0,1996.0,12.0,10.0,800.0,8.9,0.0,0.0,0.0,0.0,0.0,0.0,4.0,0.0,0.2,0.2,0.9,1.1,12.0,40.0,23.0,0.0,0.0,0.0,0.0,0.0,0.03,0.1,0.13,0.03,0.13,317.0,474.0,66.9,5899.0,2388.0,135.0,158.0,85.4,133.0,179.0,74.3,39.0,110.0,35.5,8.0,1.0,12.5,0.9,0.11,0.0,0.0,28.0,0.0,11.0,7.0,7.0,3.0,1.0,6.0,27.3,16.0,5.0,9.0,17.0,28.0,32.0,1.0
425,Mariano,BRA,Defensor,Atlético Mineiro,36.0,1986.0,22.0,17.0,1564.0,17.4,0.0,1.0,1.0,0.0,0.0,0.0,5.0,0.0,0.0,0.0,0.4,0.5,16.0,88.0,27.0,0.0,0.06,0.06,0.0,0.06,0.0,0.03,0.03,0.0,0.03,853.0,1100.0,77.5,16596.0,6806.0,332.0,375.0,88.5,385.0,463.0,83.2,126.0,214.0,58.9,1.0,1.0,100.0,0.06,0.06,0.0,0.0,14.4,0.0,48.0,31.0,30.0,16.0,2.0,34.0,68.0,16.0,4.0,7.0,20.0,68.0,33.0,1.0
428,Marlon,BRA,Defensor,Cruzeiro,25.0,1997.0,36.0,36.0,3198.0,35.5,3.0,2.0,5.0,3.0,0.0,0.0,7.0,0.0,1.3,1.2,3.9,5.1,55.0,170.0,176.0,0.08,0.06,0.14,0.08,0.14,0.04,0.11,0.15,0.03,0.14,1681.0,2197.0,76.5,31315.0,11338.0,701.0,818.0,85.7,766.0,913.0,83.9,195.0,364.0,53.6,23.0,5.0,21.7,0.65,0.14,0.13,0.6,24.6,6.0,114.0,72.0,70.0,35.0,9.0,74.0,60.2,49.0,4.0,43.0,49.0,163.0,92.0,1.0
429,Marlon,BRA,Defensor,América (MG),28.0,1994.0,26.0,18.0,1674.0,18.6,1.0,1.0,2.0,1.0,0.0,0.0,3.0,0.0,0.5,0.5,0.8,1.3,63.0,71.0,80.0,0.05,0.05,0.11,0.05,0.11,0.03,0.04,0.07,0.03,0.07,674.0,877.0,76.9,10871.0,4449.0,367.0,415.0,88.4,239.0,297.0,80.5,51.0,108.0,47.2,11.0,3.0,27.3,0.59,0.16,0.09,0.33,24.2,0.0,37.0,26.0,20.0,16.0,1.0,22.0,61.1,14.0,6.0,26.0,31.0,68.0,49.0,0.0
430,Marlon,BRA,Defensor,Fluminense,27.0,1995.0,15.0,13.0,935.0,10.4,0.0,0.0,0.0,0.0,0.0,0.0,5.0,0.0,0.1,0.1,0.4,0.5,13.0,47.0,5.0,0.0,0.0,0.0,0.0,0.0,0.01,0.04,0.05,0.01,0.05,740.0,802.0,92.3,12713.0,4261.0,343.0,359.0,95.5,345.0,361.0,95.6,47.0,69.0,68.1,3.0,1.0,33.3,0.29,0.1,0.0,0.0,20.0,0.0,11.0,5.0,7.0,3.0,1.0,8.0,80.0,2.0,9.0,3.0,9.0,20.0,30.0,0.0
431,Igor Marques,BRA,Defensor,Cruzeiro,24.0,1999.0,4.0,1.0,119.0,1.3,0.0,1.0,1.0,0.0,0.0,0.0,1.0,0.0,0.0,0.0,0.4,0.4,8.0,10.0,10.0,0.0,0.76,0.76,0.0,0.76,0.0,0.3,0.3,0.0,0.3,56.0,83.0,67.5,905.0,378.0,26.0,34.0,76.5,26.0,37.0,70.3,3.0,5.0,60.0,0.0,0.0,0.0,0.0,0.0,0.0,0.0,0.0,0.0,5.0,2.0,2.0,3.0,0.0,2.0,40.0,3.0,1.0,2.0,1.0,6.0,4.0,0.0
439,Matheusinho,BRA,Defensor,Cuiabá,24.0,1998.0,5.0,5.0,433.0,4.8,1.0,0.0,1.0,1.0,0.0,0.0,2.0,0.0,0.8,0.8,0.5,1.3,11.0,24.0,20.0,0.21,0.0,0.21,0.21,0.21,0.16,0.11,0.26,0.16,0.26,170.0,232.0,73.3,2520.0,1245.0,101.0,113.0,89.4,58.0,76.0,76.3,8.0,34.0,23.5,5.0,2.0,40.0,1.04,0.42,0.2,0.5,21.3,0.0,11.0,8.0,9.0,2.0,0.0,8.0,50.0,8.0,1.0,2.0,5.0,16.0,14.0,0.0
440,Matheuzinho,BRA,Defensor,Flamengo,22.0,2000.0,11.0,7.0,620.0,6.9,0.0,0.0,0.0,0.0,0.0,0.0,2.0,0.0,0.2,0.2,0.3,0.5,9.0,32.0,29.0,0.0,0.0,0.0,0.0,0.0,0.03,0.04,0.07,0.03,0.07,333.0,397.0,83.9,5644.0,1683.0,158.0,175.0,90.3,151.0,164.0,92.1,21.0,41.0,51.2,4.0,1.0,25.0,0.58,0.15,0.0,0.0,17.9,0.0,20.0,9.0,12.0,6.0,2.0,12.0,60.0,8.0,4.0,8.0,7.0,27.0,15.0,0.0
445,Bruno Melo,BRA,Defensor,Goiás,30.0,1992.0,33.0,32.0,2891.0,32.1,2.0,1.0,3.0,2.0,0.0,0.0,10.0,0.0,2.5,2.5,0.3,2.8,8.0,92.0,10.0,0.06,0.03,0.09,0.06,0.09,0.08,0.01,0.09,0.08,0.09,1237.0,1436.0,86.1,25988.0,9635.0,367.0,397.0,92.4,668.0,715.0,93.4,193.0,292.0,66.1,30.0,6.0,20.0,0.93,0.19,0.07,0.33,16.2,8.0,21.0,13.0,15.0,5.0,1.0,8.0,44.4,10.0,15.0,9.0,17.0,38.0,132.0,2.0
446,Felipe Melo,BRA,Defensor,Fluminense,39.0,1983.0,19.0,18.0,986.0,11.0,2.0,0.0,2.0,2.0,0.0,0.0,10.0,1.0,0.4,0.4,0.1,0.4,15.0,47.0,0.0,0.18,0.0,0.18,0.18,0.18,0.03,0.01,0.04,0.03,0.04,758.0,846.0,89.6,14107.0,5419.0,322.0,338.0,95.3,331.0,353.0,93.8,92.0,135.0,68.1,4.0,2.0,50.0,0.37,0.18,0.5,1.0,15.9,0.0,12.0,10.0,4.0,7.0,1.0,5.0,45.5,6.0,7.0,5.0,8.0,20.0,44.0,0.0
449,Nathan Mendes,BRA,Defensor,São Paulo,20.0,2002.0,21.0,11.0,1176.0,13.1,1.0,0.0,1.0,1.0,0.0,0.0,5.0,0.0,0.5,0.5,0.4,0.9,29.0,51.0,48.0,0.08,0.0,0.08,0.08,0.08,0.03,0.03,0.07,0.03,0.07,673.0,814.0,82.7,10508.0,2881.0,349.0,395.0,88.4,268.0,315.0,85.1,35.0,56.0,62.5,3.0,2.0,66.7,0.23,0.15,0.33,0.5,10.0,0.0,21.0,14.0,11.0,7.0,3.0,10.0,62.5,6.0,3.0,12.0,18.0,39.0,22.0,0.0
450,Vitor Mendes,BRA,Defensor,Fluminense,23.0,1999.0,2.0,1.0,108.0,1.2,0.0,0.0,0.0,0.0,0.0,0.0,1.0,0.0,0.1,0.1,0.0,0.1,0.0,0.0,0.0,0.0,0.0,0.0,0.0,0.0,0.09,0.02,0.11,0.09,0.11,54.0,60.0,90.0,881.0,214.0,26.0,26.0,100.0,26.0,28.0,92.9,2.0,5.0,40.0,1.0,1.0,100.0,0.83,0.83,0.0,0.0,7.5,0.0,0.0,0.0,0.0,0.0,0.0,0.0,0.0,1.0,1.0,0.0,1.0,1.0,13.0,0.0
451,Bruno Méndez,URU,Defensor,Corinthians,23.0,1999.0,27.0,20.0,1650.0,18.3,0.0,0.0,0.0,0.0,0.0,0.0,5.0,1.0,0.2,0.2,0.2,0.4,16.0,62.0,23.0,0.0,0.0,0.0,0.0,0.0,0.01,0.01,0.02,0.01,0.02,786.0,984.0,79.9,14923.0,6083.0,296.0,335.0,88.4,392.0,464.0,84.5,89.0,154.0,57.8,4.0,0.0,0.0,0.22,0.0,0.0,0.0,18.4,0.0,39.0,22.0,22.0,15.0,2.0,23.0,57.5,17.0,11.0,12.0,22.0,61.0,72.0,0.0
456,Gabriel Mercado,ARG,Defensor,Internacional,35.0,1987.0,26.0,25.0,2180.0,24.2,0.0,0.0,0.0,0.0,0.0,0.0,13.0,1.0,0.6,0.6,0.3,0.8,1.0,39.0,2.0,0.0,0.0,0.0,0.0,0.0,0.02,0.01,0.03,0.02,0.03,1013.0,1127.0,89.9,19261.0,7853.0,332.0,350.0,94.9,593.0,625.0,94.9,83.0,135.0,61.5,9.0,1.0,11.1,0.37,0.04,0.0,0.0,10.3,0.0,32.0,18.0,22.0,9.0,1.0,18.0,54.5,15.0,12.0,9.0,23.0,55.0,87.0,0.0
457,Messias,BRA,Defensor,Santos,28.0,1994.0,28.0,26.0,2393.0,26.6,2.0,0.0,2.0,2.0,0.0,0.0,2.0,0.0,1.6,1.6,0.1,1.7,1.0,31.0,4.0,0.08,0.0,0.08,0.08,0.08,0.06,0.0,0.06,0.06,0.06,640.0,853.0,75.0,13107.0,4326.0,151.0,187.0,80.7,420.0,493.0,85.2,61.0,149.0,40.9,18.0,8.0,44.4,0.68,0.3,0.11,0.25,12.2,0.0,22.0,15.0,16.0,6.0,0.0,16.0,76.2,5.0,23.0,9.0,36.0,58.0,164.0,1.0
463,Mina,BRA,Defensor,Goiás,19.0,2003.0,1.0,0.0,45.0,0.5,0.0,0.0,0.0,0.0,0.0,0.0,0.0,0.0,0.2,0.2,0.0,0.2,0.0,0.0,0.0,0.0,0.0,0.0,0.0,0.0,0.39,0.0,0.39,0.39,0.39,11.0,17.0,64.7,198.0,28.0,3.0,3.0,100.0,8.0,10.0,80.0,0.0,4.0,0.0,2.0,0.0,0.0,4.0,0.0,0.0,0.0,8.5,0.0,2.0,0.0,2.0,0.0,0.0,0.0,0.0,0.0,0.0,0.0,0.0,2.0,0.0,0.0
466,Miranda,BRA,Defensor,Vasco da Gama,23.0,2000.0,7.0,4.0,388.0,4.3,0.0,0.0,0.0,0.0,0.0,0.0,0.0,0.0,0.2,0.2,0.3,0.5,2.0,19.0,2.0,0.0,0.0,0.0,0.0,0.0,0.05,0.07,0.12,0.05,0.12,200.0,231.0,86.6,3669.0,1578.0,70.0,76.0,92.1,110.0,119.0,92.4,17.0,29.0,58.6,4.0,1.0,25.0,0.93,0.23,0.0,0.0,11.4,0.0,4.0,3.0,2.0,2.0,0.0,3.0,60.0,2.0,1.0,1.0,4.0,8.0,19.0,0.0
468,Rodrigo Moledo,BRA,Defensor,Internacional,35.0,1987.0,7.0,5.0,478.0,5.3,0.0,0.0,0.0,0.0,0.0,0.0,3.0,0.0,0.0,0.0,0.1,0.1,6.0,9.0,0.0,0.0,0.0,0.0,0.0,0.0,0.01,0.01,0.02,0.01,0.02,274.0,298.0,91.9,4517.0,1680.0,121.0,124.0,97.6,143.0,150.0,95.3,9.0,19.0,47.4,1.0,1.0,100.0,0.19,0.19,0.0,0.0,14.7,0.0,2.0,2.0,1.0,1.0,0.0,0.0,0.0,3.0,8.0,2.0,3.0,5.0,35.0,0.0
470,Júnior Moraes,UKR,Defensor,Corinthians,35.0,1987.0,1.0,0.0,1.0,0.0,0.0,0.0,0.0,0.0,0.0,0.0,0.0,0.0,0.0,0.0,0.0,0.0,0.0,0.0,0.0,0.0,0.0,0.0,0.0,0.0,0.0,0.0,0.0,0.0,0.0,0.0,0.0,0.0,0.0,0.0,0.0,0.0,0.0,0.0,0.0,0.0,0.0,0.0,0.0,0.0,0.0,0.0,0.0,0.0,0.0,0.0,0.0,0.0,1.0,1.0,0.0,0.0,1.0,0.0,0.0,0.0,0.0,0.0,0.0,1.0,0.0,0.0
471,João Moreira,POR,Defensor,São Paulo,18.0,2004.0,1.0,1.0,70.0,0.8,0.0,0.0,0.0,0.0,0.0,0.0,0.0,0.0,0.0,0.0,0.0,0.0,1.0,4.0,6.0,0.0,0.0,0.0,0.0,0.0,0.03,0.0,0.03,0.03,0.03,46.0,50.0,92.0,651.0,126.0,26.0,27.0,96.3,20.0,22.0,90.9,0.0,1.0,0.0,1.0,1.0,100.0,1.29,1.29,0.0,0.0,24.7,0.0,1.0,1.0,1.0,0.0,0.0,1.0,100.0,0.0,0.0,0.0,1.0,2.0,0.0,0.0
482,Murillo,BRA,Defensor,Corinthians,20.0,2002.0,13.0,13.0,1165.0,12.9,0.0,0.0,0.0,0.0,0.0,0.0,3.0,0.0,0.3,0.3,0.6,0.8,10.0,46.0,2.0,0.0,0.0,0.0,0.0,0.0,0.02,0.04,0.06,0.02,0.06,566.0,700.0,80.9,11213.0,4368.0,178.0,202.0,88.1,326.0,365.0,89.3,56.0,118.0,47.5,7.0,1.0,14.3,0.54,0.08,0.0,0.0,16.0,0.0,16.0,9.0,7.0,9.0,0.0,4.0,36.4,7.0,22.0,9.0,16.0,32.0,65.0,1.0
487,Natan,BRA,Defensor,Bragantino,21.0,2001.0,10.0,9.0,836.0,9.3,0.0,0.0,0.0,0.0,0.0,0.0,1.0,0.0,0.3,0.3,0.0,0.3,7.0,34.0,0.0,0.0,0.0,0.0,0.0,0.0,0.03,0.0,0.03,0.03,0.03,306.0,393.0,77.9,6558.0,2465.0,81.0,96.0,84.4,178.0,207.0,86.0,45.0,83.0,54.2,5.0,1.0,20.0,0.54,0.11,0.0,0.0,11.0,0.0,6.0,5.0,5.0,1.0,0.0,4.0,57.1,3.0,10.0,5.0,9.0,15.0,30.0,1.0
488,Natanael,BRA,Defensor,Coritiba,21.0,2002.0,33.0,29.0,2506.0,27.8,0.0,1.0,1.0,0.0,0.0,0.0,8.0,0.0,0.7,0.7,1.6,2.3,43.0,79.0,120.0,0.0,0.04,0.04,0.0,0.04,0.03,0.06,0.08,0.03,0.08,944.0,1224.0,77.1,14980.0,6302.0,505.0,590.0,85.6,363.0,454.0,80.0,59.0,114.0,51.8,17.0,8.0,47.1,0.61,0.29,0.0,0.0,21.3,0.0,91.0,63.0,55.0,29.0,7.0,54.0,62.1,33.0,10.0,29.0,31.0,122.0,70.0,1.0
489,Nathan,BRA,Defensor,Santos,21.0,2001.0,7.0,7.0,493.0,5.5,0.0,0.0,0.0,0.0,0.0,0.0,2.0,0.0,0.1,0.1,0.6,0.6,16.0,14.0,24.0,0.0,0.0,0.0,0.0,0.0,0.01,0.1,0.11,0.01,0.11,178.0,228.0,78.1,2573.0,1131.0,103.0,112.0,92.0,60.0,83.0,72.3,9.0,16.0,56.3,2.0,0.0,0.0,0.37,0.0,0.0,0.0,19.9,0.0,14.0,13.0,10.0,3.0,1.0,10.0,52.6,9.0,0.0,4.0,8.0,22.0,8.0,0.0
495,Neris,BRA,Defensor,Cruzeiro,30.0,1992.0,26.0,24.0,2113.0,23.5,0.0,1.0,1.0,0.0,0.0,0.0,8.0,0.0,0.7,0.7,0.7,1.4,21.0,89.0,3.0,0.0,0.04,0.04,0.0,0.04,0.03,0.03,0.06,0.03,0.06,841.0,1008.0,83.4,17360.0,7016.0,256.0,291.0,88.0,461.0,512.0,90.0,118.0,178.0,66.3,15.0,4.0,26.7,0.64,0.17,0.0,0.0,11.5,0.0,31.0,18.0,19.0,10.0,2.0,21.0,70.0,9.0,9.0,8.0,35.0,66.0,98.0,1.0
500,Nicolas,BRA,Defensor,América (MG),25.0,1997.0,11.0,8.0,720.0,8.0,1.0,1.0,2.0,1.0,0.0,0.0,1.0,0.0,0.2,0.2,0.2,0.4,15.0,18.0,24.0,0.12,0.12,0.25,0.12,0.25,0.03,0.02,0.05,0.03,0.05,188.0,287.0,65.5,3159.0,1769.0,102.0,123.0,82.9,63.0,92.0,68.5,17.0,45.0,37.8,8.0,5.0,62.5,1.0,0.62,0.13,0.2,29.5,4.0,12.0,6.0,9.0,3.0,0.0,5.0,35.7,9.0,5.0,14.0,11.0,23.0,28.0,0.0
502,Nino,BRA,Defensor,Fluminense,25.0,1997.0,26.0,26.0,2155.0,23.9,2.0,0.0,2.0,2.0,0.0,0.0,5.0,2.0,1.2,1.2,0.5,1.7,42.0,108.0,5.0,0.08,0.0,0.08,0.08,0.08,0.05,0.02,0.07,0.05,0.07,1566.0,1718.0,91.2,27629.0,8884.0,677.0,705.0,96.0,748.0,780.0,95.9,124.0,197.0,62.9,14.0,6.0,42.9,0.58,0.25,0.14,0.33,12.9,0.0,11.0,6.0,10.0,1.0,0.0,5.0,62.5,3.0,14.0,4.0,22.0,33.0,96.0,2.0
507,Lucas Oliveira,BRA,Defensor,Cruzeiro,26.0,1996.0,16.0,15.0,1310.0,14.6,1.0,0.0,1.0,1.0,0.0,0.0,7.0,2.0,0.4,0.4,0.2,0.6,11.0,67.0,4.0,0.07,0.0,0.07,0.07,0.07,0.03,0.01,0.04,0.03,0.04,645.0,782.0,82.5,13730.0,5421.0,152.0,176.0,86.4,409.0,440.0,93.0,82.0,150.0,54.7,4.0,1.0,25.0,0.27,0.07,0.25,1.0,14.3,0.0,16.0,10.0,12.0,4.0,0.0,7.0,41.2,10.0,19.0,11.0,21.0,37.0,66.0,0.0
511,Leo Ortiz,BRA,Defensor,Bragantino,27.0,1996.0,20.0,19.0,1603.0,17.8,2.0,0.0,2.0,2.0,0.0,0.0,3.0,0.0,1.9,1.9,0.6,2.5,28.0,142.0,2.0,0.11,0.0,0.11,0.11,0.11,0.11,0.03,0.14,0.11,0.14,896.0,1072.0,83.6,19560.0,9357.0,259.0,290.0,89.3,467.0,525.0,89.0,162.0,235.0,68.9,14.0,6.0,42.9,0.79,0.34,0.14,0.33,10.7,0.0,18.0,11.0,13.0,5.0,0.0,9.0,60.0,6.0,18.0,3.0,30.0,48.0,75.0,1.0
513,João Othavio Basso,BRA,Defensor,Santos,26.0,1997.0,14.0,14.0,1150.0,12.8,0.0,0.0,0.0,0.0,0.0,0.0,1.0,0.0,0.5,0.5,0.2,0.6,10.0,43.0,2.0,0.0,0.0,0.0,0.0,0.0,0.04,0.01,0.05,0.04,0.05,531.0,649.0,81.8,10433.0,3893.0,177.0,203.0,87.2,290.0,326.0,89.0,60.0,109.0,55.0,7.0,0.0,0.0,0.55,0.0,0.0,0.0,18.9,0.0,20.0,10.0,14.0,4.0,2.0,11.0,47.8,12.0,6.0,3.0,23.0,43.0,57.0,0.0
517,Pablo,BRA,Defensor,Flamengo,31.0,1991.0,7.0,4.0,421.0,4.7,0.0,0.0,0.0,0.0,0.0,0.0,1.0,0.0,0.1,0.1,0.0,0.1,4.0,7.0,1.0,0.0,0.0,0.0,0.0,0.0,0.02,0.0,0.02,0.02,0.02,283.0,313.0,90.4,4884.0,1429.0,104.0,112.0,92.9,161.0,171.0,94.2,14.0,25.0,56.0,2.0,2.0,100.0,0.43,0.43,0.0,0.0,11.5,0.0,4.0,3.0,4.0,0.0,0.0,0.0,0.0,0.0,1.0,2.0,7.0,11.0,35.0,1.0
518,Bruno Pacheco,BRA,Defensor,Fortaleza,31.0,1991.0,31.0,30.0,2669.0,29.7,2.0,3.0,5.0,2.0,0.0,0.0,5.0,0.0,0.9,0.9,1.9,2.8,49.0,133.0,98.0,0.07,0.1,0.17,0.07,0.17,0.03,0.07,0.1,0.03,0.1,1018.0,1313.0,77.5,16595.0,6635.0,533.0,594.0,89.7,386.0,490.0,78.8,72.0,148.0,48.6,16.0,6.0,37.5,0.54,0.2,0.13,0.33,16.6,0.0,69.0,45.0,38.0,25.0,6.0,39.0,59.1,27.0,3.0,23.0,39.0,108.0,57.0,0.0
519,Helibelton Palacios,COL,Defensor,Cruzeiro,29.0,1993.0,10.0,6.0,629.0,7.0,0.0,0.0,0.0,0.0,0.0,0.0,4.0,0.0,0.3,0.3,0.1,0.3,6.0,27.0,34.0,0.0,0.0,0.0,0.0,0.0,0.04,0.01,0.05,0.04,0.05,210.0,282.0,74.5,3009.0,1440.0,129.0,146.0,88.4,67.0,96.0,69.8,11.0,20.0,55.0,2.0,0.0,0.0,0.29,0.0,0.0,0.0,14.1,0.0,14.0,12.0,5.0,8.0,1.0,7.0,46.7,8.0,0.0,11.0,5.0,19.0,20.0,0.0
521,Nino Paraíba,BRA,Defensor,América (MG),37.0,1986.0,4.0,2.0,197.0,2.2,0.0,0.0,0.0,0.0,0.0,0.0,1.0,0.0,0.1,0.1,0.5,0.5,4.0,19.0,19.0,0.0,0.0,0.0,0.0,0.0,0.03,0.22,0.24,0.03,0.24,81.0,109.0,74.3,1535.0,675.0,38.0,45.0,84.4,27.0,37.0,73.0,12.0,20.0,60.0,2.0,1.0,50.0,0.91,0.46,0.0,0.0,28.2,0.0,2.0,2.0,0.0,2.0,0.0,0.0,0.0,2.0,0.0,2.0,4.0,6.0,2.0,0.0
527,Luan Patrick,BRA,Defensor,Bragantino,21.0,2002.0,14.0,12.0,1113.0,12.4,0.0,1.0,1.0,0.0,0.0,0.0,3.0,0.0,0.6,0.6,1.2,1.7,6.0,42.0,1.0,0.0,0.08,0.08,0.0,0.08,0.05,0.09,0.14,0.05,0.14,516.0,612.0,84.3,10912.0,3927.0,146.0,162.0,90.1,285.0,310.0,91.9,82.0,129.0,63.6,4.0,1.0,25.0,0.32,0.08,0.0,0.0,7.6,0.0,9.0,6.0,5.0,4.0,0.0,5.0,41.7,7.0,10.0,2.0,17.0,26.0,33.0,1.0
528,Patryck,BRA,Defensor,São Paulo,20.0,2003.0,6.0,4.0,375.0,4.2,0.0,0.0,0.0,0.0,0.0,0.0,2.0,0.0,0.1,0.1,0.0,0.1,4.0,4.0,16.0,0.0,0.0,0.0,0.0,0.0,0.02,0.01,0.03,0.02,0.03,126.0,177.0,71.2,2099.0,695.0,66.0,77.0,85.7,50.0,69.0,72.5,9.0,16.0,56.3,2.0,0.0,0.0,0.48,0.0,0.0,0.0,24.8,0.0,6.0,4.0,4.0,1.0,1.0,3.0,50.0,3.0,1.0,4.0,7.0,13.0,13.0,0.0
530,Jair Paula,BRA,Defensor,Santos,17.0,2005.0,2.0,0.0,32.0,0.4,0.0,0.0,0.0,0.0,0.0,0.0,0.0,0.0,0.0,0.0,0.1,0.1,1.0,3.0,0.0,0.0,0.0,0.0,0.0,0.0,0.0,0.18,0.18,0.0,0.18,13.0,17.0,76.5,296.0,91.0,1.0,1.0,100.0,11.0,11.0,100.0,1.0,4.0,25.0,0.0,0.0,0.0,0.0,0.0,0.0,0.0,0.0,0.0,0.0,0.0,0.0,0.0,0.0,0.0,0.0,0.0,0.0,0.0,0.0,0.0,2.0,0.0
531,Paulinho,BRA,Defensor,América (MG),18.0,2004.0,1.0,0.0,24.0,0.3,0.0,0.0,0.0,0.0,0.0,0.0,0.0,0.0,0.0,0.0,0.0,0.0,1.0,1.0,6.0,0.0,0.0,0.0,0.0,0.0,0.0,0.0,0.0,0.0,0.0,15.0,16.0,93.8,275.0,74.0,9.0,9.0,100.0,4.0,4.0,100.0,2.0,3.0,66.7,0.0,0.0,0.0,0.0,0.0,0.0,0.0,0.0,0.0,1.0,0.0,1.0,0.0,0.0,1.0,100.0,0.0,0.0,0.0,0.0,1.0,1.0,0.0
534,Paulinho,BRA,Defensor,Vasco da Gama,17.0,2005.0,1.0,0.0,45.0,0.5,0.0,0.0,0.0,0.0,0.0,0.0,0.0,0.0,0.0,0.0,0.0,0.0,0.0,0.0,0.0,0.0,0.0,0.0,0.0,0.0,0.0,0.0,0.0,0.0,0.0,0.0,0.0,0.0,0.0,0.0,0.0,0.0,0.0,0.0,0.0,0.0,0.0,0.0,0.0,2.0,0.0,0.0,4.0,0.0,0.0,0.0,0.0,0.0,0.0,0.0,0.0,0.0,0.0,0.0,0.0,0.0,0.0,0.0,0.0,0.0,0.0,0.0
536,Caio Paulista,BRA,Defensor,São Paulo,24.0,1998.0,28.0,23.0,2078.0,23.1,1.0,2.0,3.0,1.0,0.0,0.0,4.0,0.0,2.0,2.0,1.9,3.9,112.0,121.0,166.0,0.04,0.09,0.13,0.04,0.13,0.09,0.08,0.17,0.09,0.17,1204.0,1391.0,86.6,17621.0,4562.0,699.0,745.0,93.8,434.0,494.0,87.9,41.0,59.0,69.5,34.0,14.0,41.2,1.47,0.61,0.03,0.07,20.4,0.0,28.0,19.0,13.0,12.0,3.0,15.0,42.9,20.0,3.0,16.0,20.0,48.0,22.0,0.0
549,João Pedro,BRA,Defensor,Grêmio,26.0,1996.0,29.0,23.0,2076.0,23.1,3.0,1.0,4.0,3.0,0.0,0.0,1.0,0.0,0.7,0.7,1.2,1.9,60.0,113.0,68.0,0.13,0.04,0.17,0.13,0.17,0.03,0.05,0.08,0.03,0.08,821.0,1065.0,77.1,12585.0,5775.0,453.0,519.0,87.3,302.0,384.0,78.6,46.0,107.0,43.0,12.0,4.0,33.3,0.52,0.17,0.25,0.75,20.6,0.0,34.0,17.0,15.0,15.0,4.0,14.0,43.8,18.0,8.0,16.0,13.0,47.0,45.0,1.0
551,Jean Pedroso,BRA,Defensor,Coritiba,19.0,2004.0,7.0,6.0,584.0,6.5,0.0,0.0,0.0,0.0,0.0,0.0,1.0,0.0,0.0,0.0,0.0,0.0,4.0,18.0,0.0,0.0,0.0,0.0,0.0,0.0,0.01,0.0,0.01,0.01,0.01,234.0,284.0,82.4,4578.0,1512.0,73.0,78.0,93.6,135.0,150.0,90.0,25.0,51.0,49.0,1.0,0.0,0.0,0.15,0.0,0.0,0.0,11.1,0.0,10.0,9.0,8.0,2.0,0.0,5.0,33.3,10.0,3.0,5.0,8.0,18.0,13.0,1.0
553,Léo Pelé,BRA,Defensor,Vasco da Gama,26.0,1996.0,34.0,30.0,2719.0,30.2,0.0,0.0,0.0,0.0,0.0,0.0,6.0,0.0,0.3,0.3,0.3,0.6,55.0,129.0,9.0,0.0,0.0,0.0,0.0,0.0,0.01,0.01,0.02,0.01,0.02,1407.0,1623.0,86.7,25074.0,9466.0,597.0,629.0,94.9,668.0,733.0,91.1,124.0,215.0,57.7,6.0,2.0,33.3,0.2,0.07,0.0,0.0,15.9,0.0,26.0,17.0,14.0,11.0,1.0,12.0,63.2,7.0,14.0,12.0,14.0,40.0,125.0,1.0
555,Léo Pereira,BRA,Defensor,Flamengo,27.0,1996.0,32.0,32.0,2645.0,29.4,3.0,1.0,4.0,3.0,0.0,0.0,6.0,0.0,1.8,1.8,0.4,2.2,43.0,177.0,16.0,0.1,0.03,0.14,0.1,0.14,0.06,0.01,0.07,0.06,0.07,1851.0,2098.0,88.2,34833.0,12684.0,713.0,774.0,92.1,920.0,983.0,93.6,198.0,289.0,68.5,17.0,5.0,29.4,0.58,0.17,0.18,0.6,12.1,3.0,46.0,29.0,21.0,24.0,1.0,30.0,57.7,22.0,30.0,15.0,29.0,75.0,85.0,1.0
562,Joaquín Piquerez,URU,Defensor,Palmeiras,24.0,1998.0,29.0,29.0,2526.0,28.1,3.0,5.0,8.0,2.0,1.0,1.0,5.0,0.0,2.0,1.3,3.7,4.9,55.0,128.0,163.0,0.11,0.18,0.29,0.07,0.25,0.07,0.13,0.2,0.04,0.18,1225.0,1530.0,80.1,21285.0,6523.0,593.0,659.0,90.0,510.0,618.0,82.5,108.0,185.0,58.4,32.0,6.0,18.8,1.14,0.21,0.06,0.33,26.1,3.0,45.0,33.0,21.0,18.0,6.0,27.0,42.9,36.0,6.0,29.0,29.0,74.0,47.0,0.0
565,Lucas Piton,BRA,Defensor,Vasco da Gama,22.0,2000.0,37.0,37.0,3283.0,36.5,0.0,4.0,4.0,0.0,0.0,0.0,5.0,0.0,1.0,1.0,4.9,6.0,88.0,147.0,220.0,0.0,0.11,0.11,0.0,0.11,0.03,0.14,0.16,0.03,0.16,1461.0,1959.0,74.6,24500.0,9663.0,752.0,829.0,90.7,558.0,721.0,77.4,127.0,280.0,45.4,25.0,4.0,16.0,0.69,0.11,0.0,0.0,22.4,4.0,45.0,25.0,24.0,18.0,3.0,20.0,41.7,28.0,7.0,20.0,40.0,85.0,89.0,0.0
570,Mateo Ponte,URU,Defensor,Botafogo (RJ),19.0,2003.0,1.0,0.0,22.0,0.2,0.0,0.0,0.0,0.0,0.0,0.0,0.0,0.0,0.0,0.0,0.0,0.0,0.0,0.0,1.0,0.0,0.0,0.0,0.0,0.0,0.0,0.0,0.0,0.0,0.0,8.0,10.0,80.0,147.0,71.0,3.0,4.0,75.0,4.0,4.0,100.0,1.0,2.0,50.0,0.0,0.0,0.0,0.0,0.0,0.0,0.0,0.0,0.0,1.0,0.0,0.0,1.0,0.0,1.0,100.0,0.0,0.0,1.0,1.0,2.0,0.0,0.0
578,Igor Rabello,BRA,Defensor,Atlético Mineiro,27.0,1995.0,11.0,7.0,692.0,7.7,0.0,0.0,0.0,0.0,0.0,0.0,2.0,1.0,0.0,0.0,0.1,0.1,2.0,22.0,0.0,0.0,0.0,0.0,0.0,0.0,0.01,0.01,0.01,0.01,0.01,293.0,365.0,80.3,5459.0,2186.0,106.0,115.0,92.2,154.0,175.0,88.0,24.0,64.0,37.5,2.0,1.0,50.0,0.26,0.13,0.0,0.0,9.6,0.0,17.0,12.0,13.0,4.0,0.0,11.0,47.8,12.0,8.0,4.0,9.0,26.0,40.0,0.0
579,Rafael,BRA,Defensor,Botafogo (RJ),32.0,1990.0,9.0,8.0,482.0,5.4,0.0,0.0,0.0,0.0,0.0,0.0,3.0,1.0,0.0,0.0,0.2,0.3,12.0,10.0,4.0,0.0,0.0,0.0,0.0,0.0,0.01,0.05,0.05,0.01,0.05,184.0,243.0,75.7,2786.0,1188.0,104.0,113.0,92.0,69.0,98.0,70.4,8.0,24.0,33.3,1.0,1.0,100.0,0.19,0.19,0.0,0.0,28.2,0.0,25.0,12.0,11.0,12.0,2.0,15.0,53.6,13.0,2.0,7.0,4.0,29.0,18.0,0.0
581,Rafinha,BRA,Defensor,São Paulo,37.0,1985.0,25.0,23.0,2027.0,22.5,0.0,1.0,1.0,0.0,0.0,0.0,11.0,1.0,0.1,0.1,1.4,1.5,40.0,187.0,46.0,0.0,0.04,0.04,0.0,0.04,0.0,0.06,0.07,0.0,0.07,1619.0,1828.0,88.6,31119.0,11290.0,668.0,705.0,94.8,691.0,767.0,90.1,243.0,311.0,78.1,4.0,1.0,25.0,0.18,0.04,0.0,0.0,26.1,0.0,41.0,26.0,26.0,12.0,3.0,27.0,58.7,19.0,9.0,8.0,16.0,57.0,34.0,1.0
585,Raí Ramos,BRA,Defensor,São Paulo,28.0,1994.0,6.0,4.0,282.0,3.1,0.0,0.0,0.0,0.0,0.0,0.0,2.0,0.0,0.1,0.1,0.6,0.7,5.0,14.0,12.0,0.0,0.0,0.0,0.0,0.0,0.04,0.18,0.22,0.04,0.22,124.0,150.0,82.7,2098.0,604.0,56.0,64.0,87.5,63.0,73.0,86.3,5.0,9.0,55.6,5.0,2.0,40.0,1.6,0.64,0.0,0.0,27.0,0.0,5.0,4.0,4.0,1.0,0.0,5.0,71.4,2.0,1.0,1.0,1.0,6.0,7.0,0.0
593,Leonardo Realpe,ECU,Defensor,Bragantino,21.0,2001.0,21.0,19.0,1680.0,18.7,0.0,0.0,0.0,0.0,0.0,0.0,3.0,1.0,0.5,0.5,0.1,0.7,15.0,77.0,3.0,0.0,0.0,0.0,0.0,0.0,0.03,0.01,0.04,0.03,0.04,671.0,839.0,80.0,13522.0,5352.0,186.0,213.0,87.3,409.0,457.0,89.5,69.0,151.0,45.7,5.0,1.0,20.0,0.27,0.05,0.0,0.0,10.7,0.0,24.0,10.0,16.0,7.0,1.0,13.0,52.0,12.0,7.0,3.0,25.0,49.0,69.0,0.0
595,Reinaldo,BRA,Defensor,Grêmio,33.0,1989.0,30.0,30.0,2681.0,29.8,2.0,5.0,7.0,1.0,1.0,1.0,11.0,2.0,2.7,1.9,5.2,7.1,41.0,161.0,143.0,0.07,0.17,0.23,0.03,0.2,0.09,0.17,0.27,0.06,0.24,1227.0,1689.0,72.6,22542.0,10829.0,523.0,603.0,86.7,510.0,665.0,76.7,162.0,318.0,50.9,31.0,14.0,45.2,1.04,0.47,0.03,0.07,21.8,2.0,41.0,21.0,18.0,17.0,6.0,26.0,61.9,16.0,5.0,15.0,16.0,57.0,74.0,0.0
596,Renê,BRA,Defensor,Internacional,30.0,1992.0,28.0,24.0,2283.0,25.4,1.0,1.0,2.0,1.0,0.0,0.0,5.0,0.0,0.6,0.6,1.9,2.5,55.0,159.0,55.0,0.04,0.04,0.08,0.04,0.08,0.02,0.08,0.1,0.02,0.1,1528.0,1874.0,81.5,27953.0,12276.0,658.0,727.0,90.5,666.0,794.0,83.9,182.0,273.0,66.7,9.0,2.0,22.2,0.35,0.08,0.11,0.5,20.2,1.0,53.0,33.0,28.0,24.0,1.0,33.0,56.9,25.0,5.0,25.0,36.0,89.0,90.0,1.0
604,Rikelme,BRA,Defensor,Cuiabá,19.0,2003.0,31.0,27.0,2338.0,26.0,1.0,1.0,2.0,1.0,0.0,0.0,3.0,0.0,0.8,0.8,1.4,2.1,22.0,81.0,97.0,0.04,0.04,0.08,0.04,0.08,0.03,0.05,0.08,0.03,0.08,760.0,1068.0,71.2,12214.0,5552.0,406.0,463.0,87.7,281.0,389.0,72.2,56.0,150.0,37.3,24.0,6.0,25.0,0.92,0.23,0.04,0.17,22.1,0.0,61.0,46.0,39.0,15.0,7.0,39.0,50.0,39.0,7.0,26.0,40.0,101.0,87.0,0.0
610,Kaique Rocha,BRA,Defensor,Ath Paranaense,21.0,2001.0,10.0,7.0,649.0,7.2,1.0,0.0,1.0,1.0,0.0,0.0,2.0,0.0,0.2,0.2,0.1,0.3,2.0,9.0,0.0,0.14,0.0,0.14,0.14,0.14,0.03,0.01,0.04,0.03,0.04,266.0,304.0,87.5,4887.0,1900.0,92.0,98.0,93.9,152.0,165.0,92.1,18.0,30.0,60.0,4.0,1.0,25.0,0.55,0.14,0.25,1.0,11.6,0.0,6.0,3.0,3.0,2.0,1.0,3.0,75.0,1.0,3.0,5.0,13.0,19.0,46.0,0.0
611,Marcos Rocha,BRA,Defensor,Palmeiras,34.0,1988.0,20.0,15.0,1264.0,14.0,1.0,1.0,2.0,1.0,0.0,0.0,1.0,0.0,0.4,0.4,0.9,1.2,20.0,95.0,31.0,0.07,0.07,0.14,0.07,0.14,0.03,0.06,0.09,0.03,0.09,863.0,1081.0,79.8,18449.0,8068.0,262.0,292.0,89.7,422.0,489.0,86.3,169.0,261.0,64.8,4.0,1.0,25.0,0.28,0.07,0.25,1.0,19.7,0.0,38.0,24.0,19.0,14.0,5.0,15.0,48.4,16.0,3.0,11.0,8.0,46.0,23.0,0.0
638,Philipe Sampaio,BRA,Defensor,Botafogo (RJ),28.0,1994.0,12.0,4.0,498.0,5.5,0.0,0.0,0.0,0.0,0.0,0.0,2.0,0.0,0.1,0.1,0.0,0.2,4.0,16.0,0.0,0.0,0.0,0.0,0.0,0.0,0.03,0.01,0.03,0.03,0.03,270.0,309.0,87.4,5268.0,1794.0,73.0,80.0,91.3,168.0,182.0,92.3,24.0,39.0,61.5,2.0,0.0,0.0,0.36,0.0,0.0,0.0,10.0,0.0,10.0,7.0,7.0,3.0,0.0,5.0,71.4,2.0,2.0,1.0,6.0,16.0,33.0,0.0
639,Sander,BRA,Defensor,Goiás,32.0,1990.0,21.0,17.0,1542.0,17.1,0.0,3.0,3.0,0.0,0.0,0.0,1.0,0.0,0.8,0.8,1.8,2.6,30.0,85.0,87.0,0.0,0.18,0.18,0.0,0.18,0.05,0.11,0.15,0.05,0.15,755.0,1004.0,75.2,12955.0,5446.0,359.0,402.0,89.3,311.0,401.0,77.6,74.0,151.0,49.0,19.0,6.0,31.6,1.11,0.35,0.0,0.0,24.9,1.0,38.0,24.0,19.0,18.0,1.0,25.0,59.5,17.0,5.0,14.0,23.0,61.0,47.0,0.0
644,Allyson Aires dos Santos,BRA,Defensor,Cuiabá,32.0,1990.0,16.0,14.0,1133.0,12.6,0.0,0.0,0.0,0.0,0.0,0.0,1.0,0.0,0.4,0.4,0.0,0.4,5.0,17.0,0.0,0.0,0.0,0.0,0.0,0.0,0.03,0.0,0.03,0.03,0.03,452.0,503.0,89.9,8413.0,3156.0,176.0,186.0,94.6,222.0,239.0,92.9,50.0,70.0,71.4,3.0,0.0,0.0,0.24,0.0,0.0,0.0,6.7,0.0,18.0,14.0,13.0,5.0,0.0,9.0,69.2,4.0,11.0,5.0,8.0,26.0,64.0,1.0
646,Bruno Araújo dos Santos,BRA,Defensor,Goiás,29.0,1993.0,8.0,4.0,454.0,5.0,0.0,0.0,0.0,0.0,0.0,0.0,3.0,0.0,0.1,0.1,0.2,0.3,4.0,20.0,14.0,0.0,0.0,0.0,0.0,0.0,0.02,0.04,0.06,0.02,0.06,166.0,217.0,76.5,2954.0,1033.0,75.0,85.0,88.2,75.0,97.0,77.3,15.0,23.0,65.2,2.0,1.0,50.0,0.4,0.2,0.0,0.0,13.7,0.0,10.0,6.0,7.0,2.0,1.0,6.0,54.5,5.0,2.0,5.0,7.0,17.0,19.0,0.0
647,Eduardo Santos,BRA,Defensor,Bragantino,25.0,1997.0,13.0,11.0,1020.0,11.3,1.0,0.0,1.0,1.0,0.0,0.0,2.0,0.0,0.9,0.9,0.0,1.0,11.0,38.0,2.0,0.09,0.0,0.09,0.09,0.09,0.08,0.0,0.09,0.08,0.09,441.0,534.0,82.6,8483.0,3161.0,148.0,164.0,90.2,237.0,266.0,89.1,48.0,84.0,57.1,9.0,3.0,33.3,0.79,0.26,0.11,0.33,11.8,0.0,15.0,9.0,10.0,4.0,1.0,10.0,76.9,3.0,15.0,4.0,14.0,29.0,51.0,1.0
648,Fábio Santos,BRA,Defensor,Corinthians,37.0,1985.0,25.0,20.0,1673.0,18.6,4.0,1.0,5.0,0.0,4.0,5.0,7.0,0.0,4.0,0.1,0.4,0.5,24.0,81.0,59.0,0.22,0.05,0.27,0.0,0.05,0.22,0.02,0.24,0.01,0.03,935.0,1124.0,83.2,14698.0,5984.0,497.0,547.0,90.9,372.0,431.0,86.3,51.0,97.0,52.6,3.0,1.0,33.3,0.16,0.05,0.0,0.0,35.3,0.0,24.0,15.0,13.0,9.0,2.0,17.0,54.8,14.0,12.0,12.0,19.0,43.0,57.0,0.0
652,Luis Eduardo Marques dos Santos,BRA,Defensor,Fortaleza,25.0,1997.0,7.0,4.0,385.0,4.3,0.0,0.0,0.0,0.0,0.0,0.0,1.0,0.0,0.0,0.0,0.3,0.3,5.0,10.0,25.0,0.0,0.0,0.0,0.0,0.0,0.01,0.07,0.08,0.01,0.08,166.0,215.0,77.2,2903.0,1371.0,78.0,90.0,86.7,64.0,88.0,72.7,22.0,31.0,71.0,2.0,1.0,50.0,0.47,0.23,0.0,0.0,26.9,0.0,12.0,7.0,7.0,2.0,3.0,5.0,62.5,3.0,3.0,11.0,6.0,18.0,10.0,0.0
655,Renzo Saravia,ARG,Defensor,Atlético Mineiro,29.0,1993.0,26.0,20.0,1708.0,19.0,0.0,2.0,2.0,0.0,0.0,0.0,8.0,1.0,0.5,0.5,0.9,1.4,40.0,75.0,66.0,0.0,0.11,0.11,0.0,0.11,0.03,0.05,0.08,0.03,0.08,757.0,975.0,77.6,12105.0,4539.0,379.0,431.0,87.9,319.0,384.0,83.1,45.0,109.0,41.3,10.0,3.0,30.0,0.53,0.16,0.0,0.0,25.2,0.0,61.0,39.0,29.0,25.0,7.0,38.0,51.4,36.0,7.0,28.0,17.0,78.0,48.0,0.0
660,Luis Segovia,ECU,Defensor,Botafogo (RJ),25.0,1997.0,2.0,1.0,95.0,1.1,0.0,0.0,0.0,0.0,0.0,0.0,1.0,0.0,0.0,0.0,0.0,0.0,1.0,2.0,0.0,0.0,0.0,0.0,0.0,0.0,0.0,0.0,0.0,0.0,0.0,36.0,43.0,83.7,710.0,292.0,12.0,13.0,92.3,18.0,19.0,94.7,6.0,11.0,54.5,0.0,0.0,0.0,0.0,0.0,0.0,0.0,0.0,0.0,0.0,0.0,0.0,0.0,0.0,0.0,0.0,0.0,0.0,0.0,0.0,0.0,6.0,0.0
662,Sidimar,BRA,Defensor,Goiás,30.0,1992.0,18.0,12.0,1007.0,11.2,0.0,0.0,0.0,0.0,0.0,0.0,2.0,0.0,0.7,0.7,0.2,0.9,1.0,20.0,0.0,0.0,0.0,0.0,0.0,0.0,0.06,0.01,0.08,0.06,0.08,329.0,385.0,85.5,7101.0,2338.0,69.0,77.0,89.6,208.0,228.0,91.2,49.0,74.0,66.2,10.0,2.0,20.0,0.89,0.18,0.0,0.0,11.6,0.0,14.0,6.0,10.0,3.0,1.0,3.0,42.9,4.0,11.0,2.0,11.0,25.0,80.0,0.0
663,Aderlan Silva,BRA,Defensor,Bragantino,32.0,1990.0,22.0,17.0,1421.0,15.8,0.0,2.0,2.0,0.0,0.0,0.0,6.0,1.0,0.4,0.4,1.2,1.6,23.0,84.0,41.0,0.0,0.13,0.13,0.0,0.13,0.02,0.08,0.1,0.02,0.1,792.0,1021.0,77.6,13487.0,5648.0,390.0,437.0,89.2,302.0,375.0,80.5,72.0,146.0,49.3,12.0,1.0,8.3,0.76,0.06,0.0,0.0,25.4,0.0,54.0,31.0,30.0,21.0,3.0,31.0,44.3,39.0,2.0,19.0,26.0,80.0,26.0,0.0
667,Nathan Silva,BRA,Defensor,Atlético Mineiro,25.0,1997.0,4.0,4.0,360.0,4.0,0.0,0.0,0.0,0.0,0.0,0.0,1.0,0.0,0.1,0.1,0.3,0.5,4.0,15.0,1.0,0.0,0.0,0.0,0.0,0.0,0.04,0.08,0.11,0.04,0.11,213.0,238.0,89.5,4459.0,1606.0,48.0,53.0,90.6,146.0,152.0,96.1,18.0,31.0,58.1,2.0,1.0,50.0,0.5,0.25,0.0,0.0,10.4,0.0,3.0,2.0,3.0,0.0,0.0,2.0,100.0,0.0,2.0,1.0,0.0,3.0,14.0,0.0
668,Ricardo Silva,BRA,Defensor,América (MG),30.0,1992.0,20.0,18.0,1610.0,17.9,1.0,0.0,1.0,1.0,0.0,0.0,3.0,0.0,0.7,0.7,0.1,0.7,10.0,44.0,1.0,0.06,0.0,0.06,0.06,0.06,0.04,0.0,0.04,0.04,0.04,489.0,634.0,77.1,9700.0,3970.0,160.0,190.0,84.2,257.0,301.0,85.4,64.0,114.0,56.1,7.0,4.0,57.1,0.39,0.22,0.14,0.25,13.1,0.0,25.0,17.0,19.0,6.0,0.0,18.0,64.3,10.0,17.0,11.0,28.0,53.0,91.0,1.0
690,Guilherme Tinga,BRA,Defensor,Fortaleza,29.0,1993.0,31.0,29.0,2583.0,28.7,1.0,0.0,1.0,1.0,0.0,0.0,0.0,0.0,2.0,2.0,1.8,3.8,50.0,119.0,117.0,0.03,0.0,0.03,0.03,0.03,0.07,0.06,0.13,0.07,0.13,1064.0,1545.0,68.9,20608.0,7738.0,415.0,510.0,81.4,479.0,654.0,73.2,154.0,297.0,51.9,24.0,6.0,25.0,0.84,0.21,0.04,0.17,11.9,0.0,54.0,31.0,33.0,15.0,6.0,29.0,42.6,39.0,14.0,14.0,41.0,95.0,105.0,0.0
691,Titi,BRA,Defensor,Fortaleza,34.0,1988.0,32.0,32.0,2846.0,31.6,0.0,1.0,1.0,0.0,0.0,0.0,11.0,0.0,0.3,0.3,0.4,0.6,17.0,106.0,2.0,0.0,0.03,0.03,0.0,0.03,0.01,0.01,0.02,0.01,0.02,1184.0,1413.0,83.8,23121.0,9784.0,403.0,450.0,89.6,642.0,698.0,92.0,127.0,232.0,54.7,7.0,0.0,0.0,0.22,0.0,0.0,0.0,18.7,0.0,48.0,35.0,30.0,16.0,2.0,25.0,58.1,18.0,18.0,11.0,34.0,82.0,116.0,1.0
693,Uendel,BRA,Defensor,Cuiabá,34.0,1988.0,9.0,4.0,358.0,4.0,0.0,0.0,0.0,0.0,0.0,0.0,1.0,0.0,0.0,0.0,0.0,0.0,6.0,8.0,10.0,0.0,0.0,0.0,0.0,0.0,0.0,0.0,0.0,0.0,0.0,109.0,146.0,74.7,1787.0,759.0,62.0,68.0,91.2,37.0,48.0,77.1,10.0,23.0,43.5,0.0,0.0,0.0,0.0,0.0,0.0,0.0,0.0,0.0,2.0,1.0,1.0,0.0,1.0,0.0,0.0,1.0,1.0,3.0,0.0,2.0,9.0,0.0
695,Bruno Uvini,BRA,Defensor,Grêmio,31.0,1991.0,20.0,16.0,1448.0,16.1,1.0,0.0,1.0,1.0,0.0,0.0,4.0,0.0,0.8,0.8,0.7,1.5,3.0,39.0,1.0,0.06,0.0,0.06,0.06,0.06,0.05,0.04,0.09,0.05,0.09,390.0,516.0,75.6,6662.0,2565.0,160.0,207.0,77.3,194.0,233.0,83.3,24.0,53.0,45.3,14.0,6.0,42.9,0.87,0.37,0.07,0.17,11.4,0.0,16.0,11.0,11.0,4.0,1.0,10.0,52.6,9.0,19.0,9.0,22.0,38.0,67.0,0.0
697,Vanderlan,BRA,Defensor,Palmeiras,20.0,2002.0,14.0,9.0,909.0,10.1,0.0,2.0,2.0,0.0,0.0,0.0,5.0,0.0,0.3,0.3,1.3,1.6,20.0,21.0,61.0,0.0,0.2,0.2,0.0,0.2,0.03,0.13,0.16,0.03,0.16,261.0,368.0,70.9,4239.0,1483.0,129.0,149.0,86.6,110.0,145.0,75.9,17.0,43.0,39.5,6.0,1.0,16.7,0.59,0.1,0.0,0.0,18.4,0.0,29.0,18.0,23.0,4.0,2.0,13.0,81.3,3.0,1.0,6.0,12.0,41.0,23.0,0.0
699,Guillermo Varela,URU,Defensor,Flamengo,29.0,1993.0,5.0,3.0,233.0,2.6,0.0,0.0,0.0,0.0,0.0,0.0,0.0,0.0,0.0,0.0,0.0,0.0,6.0,14.0,14.0,0.0,0.0,0.0,0.0,0.0,0.0,0.0,0.0,0.0,0.0,132.0,152.0,86.8,2097.0,578.0,74.0,76.0,97.4,46.0,53.0,86.8,9.0,17.0,52.9,0.0,0.0,0.0,0.0,0.0,0.0,0.0,0.0,0.0,1.0,1.0,1.0,0.0,0.0,0.0,0.0,0.0,1.0,2.0,5.0,6.0,5.0,0.0
705,Lucas Veríssimo,BRA,Defensor,Corinthians,27.0,1995.0,15.0,15.0,1304.0,14.5,1.0,2.0,3.0,1.0,0.0,0.0,4.0,1.0,0.7,0.7,0.6,1.3,4.0,32.0,3.0,0.07,0.14,0.21,0.07,0.21,0.05,0.04,0.09,0.05,0.09,704.0,786.0,89.6,13264.0,5281.0,244.0,269.0,90.7,396.0,428.0,92.5,61.0,80.0,76.3,12.0,3.0,25.0,0.83,0.21,0.08,0.33,10.3,0.0,19.0,11.0,11.0,6.0,2.0,11.0,78.6,3.0,11.0,6.0,10.0,29.0,76.0,0.0
706,Bruno Viana,BRA,Defensor,Coritiba,27.0,1995.0,10.0,9.0,811.0,9.0,0.0,0.0,0.0,0.0,0.0,0.0,4.0,0.0,0.3,0.3,0.0,0.3,4.0,26.0,1.0,0.0,0.0,0.0,0.0,0.0,0.03,0.0,0.03,0.03,0.03,356.0,427.0,83.4,7430.0,3279.0,121.0,134.0,90.3,173.0,199.0,86.9,58.0,85.0,68.2,2.0,0.0,0.0,0.22,0.0,0.0,0.0,16.0,0.0,11.0,6.0,7.0,4.0,0.0,5.0,62.5,3.0,8.0,6.0,12.0,23.0,40.0,0.0
707,Marcos Victor,BRA,Defensor,Bahia,21.0,2001.0,1.0,0.0,5.0,0.1,0.0,0.0,0.0,0.0,0.0,0.0,0.0,0.0,0.0,0.0,0.0,0.0,0.0,0.0,0.0,0.0,0.0,0.0,0.0,0.0,0.0,0.0,0.0,0.0,0.0,10.0,10.0,100.0,158.0,20.0,6.0,6.0,100.0,3.0,3.0,100.0,1.0,1.0,100.0,0.0,0.0,0.0,0.0,0.0,0.0,0.0,0.0,0.0,0.0,0.0,0.0,0.0,0.0,0.0,0.0,0.0,0.0,0.0,0.0,0.0,0.0,0.0
708,Paulo Victor,BRA,Defensor,Vasco da Gama,21.0,2001.0,1.0,0.0,11.0,0.1,0.0,0.0,0.0,0.0,0.0,0.0,0.0,0.0,0.0,0.0,0.0,0.0,0.0,0.0,0.0,0.0,0.0,0.0,0.0,0.0,0.0,0.0,0.0,0.0,0.0,0.0,1.0,0.0,0.0,0.0,0.0,0.0,0.0,0.0,0.0,0.0,0.0,1.0,0.0,0.0,0.0,0.0,0.0,0.0,0.0,0.0,0.0,0.0,0.0,0.0,0.0,0.0,0.0,0.0,0.0,0.0,0.0,0.0,0.0,0.0,0.0,0.0
713,Gustavo Vilar,BRA,Defensor,Coritiba,22.0,2000.0,1.0,1.0,90.0,1.0,0.0,0.0,0.0,0.0,0.0,0.0,0.0,0.0,0.0,0.0,0.0,0.0,0.0,1.0,0.0,0.0,0.0,0.0,0.0,0.0,0.0,0.0,0.0,0.0,0.0,50.0,59.0,84.7,1023.0,279.0,14.0,17.0,82.4,27.0,32.0,84.4,9.0,10.0,90.0,0.0,0.0,0.0,0.0,0.0,0.0,0.0,0.0,0.0,0.0,0.0,0.0,0.0,0.0,0.0,0.0,0.0,0.0,0.0,1.0,1.0,3.0,0.0
722,Vitão,BRA,Defensor,Internacional,22.0,2000.0,26.0,25.0,2041.0,22.7,0.0,0.0,0.0,0.0,0.0,0.0,5.0,1.0,0.7,0.7,0.5,1.2,13.0,60.0,4.0,0.0,0.0,0.0,0.0,0.0,0.03,0.02,0.06,0.03,0.06,959.0,1102.0,87.0,18472.0,5777.0,269.0,298.0,90.3,606.0,650.0,93.2,73.0,127.0,57.5,12.0,3.0,25.0,0.53,0.13,0.0,0.0,12.2,0.0,16.0,14.0,10.0,6.0,0.0,9.0,39.1,14.0,16.0,10.0,16.0,32.0,104.0,0.0
723,Vitão,BRA,Defensor,Cuiabá,22.0,2000.0,1.0,0.0,12.0,0.1,0.0,0.0,0.0,0.0,0.0,0.0,0.0,0.0,0.0,0.0,0.0,0.0,0.0,0.0,0.0,0.0,0.0,0.0,0.0,0.0,0.0,0.0,0.0,0.0,0.0,0.0,0.0,0.0,0.0,0.0,0.0,0.0,0.0,0.0,0.0,0.0,0.0,0.0,0.0,0.0,0.0,0.0,0.0,0.0,0.0,0.0,0.0,0.0,0.0,0.0,0.0,0.0,0.0,0.0,0.0,1.0,1.0,0.0,0.0,0.0,1.0,0.0
726,José Vitor,BRA,Defensor,Vasco da Gama,20.0,2002.0,4.0,1.0,110.0,1.2,0.0,0.0,0.0,0.0,0.0,0.0,1.0,0.0,0.1,0.1,0.0,0.1,0.0,1.0,2.0,0.0,0.0,0.0,0.0,0.0,0.06,0.0,0.06,0.06,0.06,54.0,63.0,85.7,1237.0,313.0,12.0,13.0,92.3,27.0,30.0,90.0,14.0,18.0,77.8,1.0,1.0,100.0,0.82,0.82,0.0,0.0,15.7,0.0,0.0,0.0,0.0,0.0,0.0,0.0,0.0,1.0,2.0,2.0,0.0,0.0,4.0,0.0
733,Wanderson,BRA,Defensor,América (MG),31.0,1991.0,7.0,5.0,500.0,5.6,0.0,0.0,0.0,0.0,0.0,0.0,0.0,0.0,0.1,0.1,0.0,0.1,2.0,10.0,0.0,0.0,0.0,0.0,0.0,0.0,0.02,0.01,0.02,0.02,0.02,121.0,166.0,72.9,2660.0,1137.0,38.0,43.0,88.4,61.0,76.0,80.3,22.0,45.0,48.9,2.0,1.0,50.0,0.36,0.18,0.0,0.0,12.3,0.0,5.0,4.0,4.0,0.0,1.0,1.0,14.3,6.0,4.0,2.0,4.0,9.0,28.0,0.0
736,Welington,BRA,Defensor,São Paulo,21.0,2001.0,16.0,11.0,936.0,10.4,0.0,0.0,0.0,0.0,0.0,0.0,2.0,0.0,0.3,0.3,1.5,1.8,36.0,44.0,57.0,0.0,0.0,0.0,0.0,0.0,0.03,0.14,0.17,0.03,0.17,448.0,550.0,81.5,7707.0,2406.0,211.0,234.0,90.2,203.0,232.0,87.5,30.0,55.0,54.5,8.0,0.0,0.0,0.77,0.0,0.0,0.0,25.4,0.0,16.0,13.0,10.0,3.0,3.0,11.0,61.1,7.0,3.0,7.0,3.0,19.0,25.0,0.0
740,Wesley,BRA,Defensor,Flamengo,19.0,2003.0,35.0,27.0,2514.0,27.9,1.0,1.0,2.0,1.0,0.0,0.0,3.0,0.0,1.1,1.1,2.9,4.0,49.0,109.0,291.0,0.04,0.04,0.07,0.04,0.07,0.04,0.11,0.14,0.04,0.14,1283.0,1501.0,85.5,18156.0,4468.0,758.0,832.0,91.1,435.0,498.0,87.3,33.0,66.0,50.0,14.0,5.0,35.7,0.5,0.18,0.07,0.2,17.3,0.0,74.0,48.0,42.0,26.0,6.0,32.0,46.4,37.0,10.0,14.0,40.0,114.0,64.0,1.0
741,Wesley,BRA,Defensor,Grêmio,19.0,2004.0,1.0,1.0,90.0,1.0,0.0,0.0,0.0,0.0,0.0,0.0,0.0,0.0,0.0,0.0,0.0,0.0,1.0,1.0,1.0,0.0,0.0,0.0,0.0,0.0,0.0,0.0,0.0,0.0,0.0,21.0,39.0,53.8,267.0,136.0,16.0,19.0,84.2,5.0,14.0,35.7,0.0,4.0,0.0,0.0,0.0,0.0,0.0,0.0,0.0,0.0,0.0,0.0,3.0,2.0,2.0,1.0,0.0,2.0,66.7,1.0,0.0,0.0,1.0,4.0,0.0,1.0
743,William,BRA,Defensor,Cruzeiro,27.0,1995.0,33.0,31.0,2647.0,29.4,0.0,2.0,2.0,0.0,0.0,0.0,6.0,0.0,1.2,1.2,4.8,6.1,70.0,159.0,157.0,0.0,0.07,0.07,0.0,0.07,0.04,0.16,0.21,0.04,0.21,1177.0,1600.0,73.6,20755.0,7936.0,567.0,659.0,86.0,461.0,597.0,77.2,134.0,262.0,51.1,21.0,3.0,14.3,0.71,0.1,0.0,0.0,21.8,0.0,64.0,38.0,36.0,17.0,11.0,31.0,36.9,53.0,4.0,49.0,49.0,113.0,58.0,1.0
746,Xavier,BRA,Defensor,Goiás,22.0,2000.0,1.0,0.0,59.0,0.7,0.0,0.0,0.0,0.0,0.0,0.0,0.0,0.0,0.0,0.0,0.0,0.0,0.0,0.0,0.0,0.0,0.0,0.0,0.0,0.0,0.0,0.0,0.0,0.0,0.0,0.0,0.0,0.0,0.0,0.0,0.0,0.0,0.0,0.0,0.0,0.0,0.0,0.0,0.0,0.0,0.0,0.0,0.0,0.0,0.0,0.0,0.0,0.0,0.0,4.0,0.0,0.0,0.0,0.0,0.0,0.0,0.0,0.0,1.0,0.0,0.0,0.0
747,Samuel Xavier,BRA,Defensor,Fluminense,32.0,1990.0,25.0,25.0,2108.0,23.4,1.0,2.0,3.0,1.0,0.0,0.0,7.0,0.0,0.9,0.9,2.9,3.8,42.0,91.0,62.0,0.04,0.09,0.13,0.04,0.13,0.04,0.12,0.16,0.04,0.16,1182.0,1387.0,85.2,16792.0,4990.0,708.0,757.0,93.5,364.0,423.0,86.1,59.0,107.0,55.1,24.0,3.0,12.5,1.02,0.13,0.04,0.33,21.0,0.0,29.0,18.0,12.0,11.0,6.0,20.0,66.7,10.0,12.0,15.0,16.0,45.0,32.0,0.0
